"dx","barell","severity","issbr","apc"
"80000","02A",2,1,"D"
"80001","03A",2,1,"D"
"80002","02A",2,1,"D"
"80003","01A",2,1,"D"
"80004","01A",2,1,"D"
"80005","01A",2,1,"D"
"80006","02A",2,1,"D"
"80009","02A",2,1,"D"
"80010","01A",3,1,"A"
"80011","01A",3,1,"A"
"80012","01A",3,1,"A"
"80013","01A",3,1,"A"
"80014","01A",3,1,"A"
"80015","01A",3,1,"A"
"80016","01A",3,1,"A"
"80019","01A",3,1,"A"
"80020","01A",4,1,"A"
"80021","01A",2,1,"D"
"80022","01A",2,1,"D"
"80023","01A",3,1,"A"
"80024","01A",3,1,"A"
"80025","01A",3,1,"A"
"80026","01A",3,1,"A"
"80029","01A",4,1,"A"
"80030","01A",4,1,"A"
"80031","01A",4,1,"A"
"80032","01A",4,1,"A"
"80033","01A",4,1,"A"
"80034","01A",4,1,"A"
"80035","01A",4,1,"A"
"80036","01A",4,1,"A"
"80039","01A",4,1,"A"
"80040","01A",3,1,"A"
"80041","01A",3,1,"A"
"80042","01A",3,1,"A"
"80043","01A",3,1,"A"
"80044","01A",3,1,"A"
"80045","01A",3,1,"A"
"80046","01A",3,1,"A"
"80049","01A",3,1,"A"
"80050","02A",3,1,"A"
"80051","03A",3,1,"A"
"80052","02A",3,1,"A"
"80053","01A",3,1,"A"
"80054","01A",4,1,"A"
"80055","01A",4,1,"A"
"80056","02A",3,1,"A"
"80059","02A",4,1,"A"
"80060","01A",4,1,"A"
"80061","01A",3,1,"A"
"80062","01A",3,1,"A"
"80063","01A",4,1,"A"
"80064","01A",4,1,"A"
"80065","01A",4,1,"A"
"80066","01A",4,1,"A"
"80069","01A",4,1,"A"
"80070","01A",3,1,"A"
"80071","01A",3,1,"A"
"80072","01A",3,1,"A"
"80073","01A",3,1,"A"
"80074","01A",4,1,"A"
"80075","01A",4,1,"A"
"80076","01A",3,1,"A"
"80079","01A",3,1,"A"
"80080","01A",4,1,"A"
"80081","01A",4,1,"A"
"80082","01A",4,1,"A"
"80083","01A",4,1,"A"
"80084","01A",4,1,"A"
"80085","01A",4,1,"A"
"80086","01A",4,1,"A"
"80089","01A",4,1,"A"
"80090","01A",3,1,"A"
"80091","01A",3,1,"A"
"80092","01A",3,1,"A"
"80093","01A",3,1,"A"
"80094","01A",3,1,"A"
"80095","01A",5,1,"A"
"80096","01A",3,1,"A"
"80099","01A",3,1,"A"
"80100","02A",3,1,"A"
"80101","03A",3,1,"A"
"80102","02A",3,1,"A"
"80103","01A",3,1,"A"
"80104","01A",3,1,"A"
"80105","01A",3,1,"A"
"80106","02A",3,1,"A"
"80109","02A",2,1,"D"
"80110","01A",3,1,"A"
"80111","01A",3,1,"A"
"80112","01A",3,1,"A"
"80113","01A",3,1,"A"
"80114","01A",3,1,"A"
"80115","01A",3,1,"A"
"80116","01A",3,1,"A"
"80119","01A",3,1,"A"
"80120","01A",3,1,"A"
"80121","01A",3,1,"A"
"80122","01A",3,1,"A"
"80123","01A",3,1,"A"
"80124","01A",3,1,"A"
"80125","01A",3,1,"A"
"80126","01A",3,1,"A"
"80129","01A",3,1,"A"
"80130","01A",4,1,"A"
"80131","01A",4,1,"A"
"80132","01A",4,1,"A"
"80133","01A",4,1,"A"
"80134","01A",4,1,"A"
"80135","01A",4,1,"A"
"80136","01A",4,1,"A"
"80139","01A",4,1,"A"
"80140","01A",3,1,"A"
"80141","01A",3,1,"A"
"80142","01A",3,1,"A"
"80143","01A",3,1,"A"
"80144","01A",3,1,"A"
"80145","01A",3,1,"A"
"80146","01A",3,1,"A"
"80149","01A",3,1,"A"
"80150","02A",4,1,"A"
"80151","03A",3,1,"A"
"80152","02A",4,1,"A"
"80153","01A",4,1,"A"
"80154","01A",4,1,"A"
"80155","01A",4,1,"A"
"80156","02A",4,1,"A"
"80159","02A",4,1,"A"
"80160","01A",4,1,"A"
"80161","01A",4,1,"A"
"80162","01A",4,1,"A"
"80163","01A",4,1,"A"
"80164","01A",4,1,"A"
"80165","01A",4,1,"A"
"80166","01A",4,1,"A"
"80169","01A",4,1,"A"
"80170","01A",3,1,"A"
"80171","01A",3,1,"A"
"80172","01A",3,1,"A"
"80173","01A",4,1,"A"
"80174","01A",4,1,"A"
"80175","01A",4,1,"A"
"80176","01A",4,1,"A"
"80179","01A",4,1,"A"
"80180","01A",4,1,"A"
"80181","01A",4,1,"A"
"80182","01A",4,1,"A"
"80183","01A",4,1,"A"
"80184","01A",4,1,"A"
"80185","01A",4,1,"A"
"80186","01A",4,1,"A"
"80189","01A",4,1,"A"
"80190","01A",3,1,"A"
"80191","01A",3,1,"A"
"80192","01A",4,1,"A"
"80193","01A",3,1,"A"
"80194","01A",3,1,"A"
"80195","01A",5,1,"A"
"80196","01A",4,1,"A"
"80199","01A",3,1,"A"
"8020","05A",1,2,"D"
"8021","05A",2,2,"D"
"80220","05A",1,2,"D"
"80221","05A",2,2,"D"
"80222","05A",2,2,"D"
"80223","05A",1,2,"D"
"80224","05A",1,2,"D"
"80225","05A",1,2,"D"
"80226","05A",1,2,"D"
"80227","05A",1,2,"D"
"80228","05A",1,2,"D"
"80229","05A",2,2,"D"
"80230","05A",2,2,"D"
"80231","05A",2,2,"D"
"80232","05A",2,2,"D"
"80233","05A",2,2,"D"
"80234","05A",2,2,"D"
"80235","05A",2,2,"D"
"80236","05A",2,2,"D"
"80237","05A",2,2,"D"
"80238","05A",2,2,"D"
"80239","05A",2,2,"D"
"8024","05A",2,2,"D"
"8025","05A",2,2,"D"
"8026","05A",2,2,"D"
"8027","05A",3,2,"C"
"8028","05A",2,2,"D"
"8029","05A",3,2,"C"
"80300","02A",2,1,"D"
"80301","03A",2,1,"D"
"80302","02A",2,1,"D"
"80303","01A",2,1,"D"
"80304","01A",2,1,"D"
"80305","01A",2,1,"D"
"80306","02A",2,1,"D"
"80309","02A",2,1,"D"
"80310","01A",2,1,"D"
"80311","01A",2,1,"D"
"80312","01A",3,1,"A"
"80313","01A",4,1,"A"
"80314","01A",3,1,"A"
"80315","01A",3,1,"A"
"80316","01A",3,1,"A"
"80319","01A",3,1,"A"
"80320","01A",2,1,"D"
"80321","01A",3,1,"A"
"80322","01A",3,1,"A"
"80323","01A",4,1,"A"
"80324","01A",3,1,"A"
"80325","01A",3,1,"A"
"80326","01A",3,1,"A"
"80329","01A",2,1,"D"
"80330","01A",4,1,"A"
"80331","01A",4,1,"A"
"80332","01A",4,1,"A"
"80333","01A",4,1,"A"
"80334","01A",4,1,"A"
"80335","01A",4,1,"A"
"80336","01A",4,1,"A"
"80339","01A",4,1,"A"
"80340","01A",3,1,"A"
"80341","01A",2,1,"D"
"80342","01A",2,1,"D"
"80343","01A",2,1,"D"
"80344","01A",5,1,"A"
"80345","01A",3,1,"A"
"80346","01A",2,1,"D"
"80349","01A",3,1,"A"
"80350","02A",2,1,"D"
"80351","03A",2,1,"D"
"80352","02A",2,1,"D"
"80353","01A",2,1,"D"
"80354","01A",2,1,"D"
"80355","01A",2,1,"D"
"80356","02A",2,1,"D"
"80359","02A",2,1,"D"
"80360","01A",2,1,"D"
"80361","01A",2,1,"D"
"80362","01A",2,1,"D"
"80363","01A",2,1,"D"
"80364","01A",2,1,"D"
"80365","01A",5,1,"A"
"80366","01A",2,1,"D"
"80369","01A",2,1,"D"
"80370","01A",3,1,"A"
"80371","01A",4,1,"A"
"80372","01A",3,1,"A"
"80373","01A",4,1,"A"
"80374","01A",3,1,"A"
"80375","01A",4,1,"A"
"80376","01A",4,1,"A"
"80379","01A",4,1,"A"
"80380","01A",4,1,"A"
"80381","01A",4,1,"A"
"80382","01A",2,1,"D"
"80383","01A",3,1,"A"
"80384","01A",4,1,"A"
"80385","01A",5,1,"A"
"80386","01A",4,1,"A"
"80389","01A",3,1,"A"
"80390","01A",3,1,"A"
"80391","01A",3,1,"A"
"80392","01A",3,1,"A"
"80393","01A",2,1,"D"
"80394","01A",2,1,"D"
"80395","01A",5,1,"A"
"80396","01A",2,1,"D"
"80399","01A",2,1,"D"
"80400","02A",2,1,"D"
"80401","03A",2,1,"D"
"80402","02A",3,1,"C"
"80403","01A",4,1,"C"
"80404","01A",3,1,"C"
"80405","01A",3,1,"C"
"80406","02A",2,1,"D"
"80409","02A",2,1,"D"
"80410","01A",2,1,"D"
"80411","01A",2,1,"D"
"80412","01A",3,1,"C"
"80413","01A",3,1,"C"
"80414","01A",5,1,"C"
"80415","01A",5,1,"C"
"80416","01A",3,1,"C"
"80419","01A",4,1,"C"
"80420","01A",3,1,"C"
"80421","01A",3,1,"C"
"80422","01A",3,1,"C"
"80423","01A",4,1,"C"
"80424","01A",5,1,"C"
"80425","01A",3,1,"C"
"80426","01A",3,1,"C"
"80429","01A",3,1,"C"
"80430","01A",3,1,"C"
"80431","01A",3,1,"C"
"80432","01A",4,1,"C"
"80433","01A",4,1,"C"
"80434","01A",5,1,"C"
"80435","01A",4,1,"C"
"80436","01A",5,1,"C"
"80439","01A",1,1,"D"
"80440","01A",3,1,"C"
"80441","01A",3,1,"C"
"80442","01A",3,1,"C"
"80443","01A",5,1,"C"
"80444","01A",5,1,"C"
"80445","01A",5,1,"C"
"80446","01A",5,1,"C"
"80449","01A",3,1,"C"
"80450","02A",3,1,"C"
"80451","03A",3,1,"C"
"80452","02A",4,1,"C"
"80453","01A",3,1,"C"
"80454","01A",3,1,"C"
"80455","01A",5,1,"C"
"80456","02A",3,1,"C"
"80459","02A",3,1,"C"
"80460","01A",4,1,"C"
"80461","01A",3,1,"C"
"80462","01A",5,1,"C"
"80463","01A",5,1,"C"
"80464","01A",4,1,"C"
"80465","01A",4,1,"C"
"80466","01A",5,1,"C"
"80469","01A",5,1,"C"
"80470","01A",4,1,"C"
"80471","01A",4,1,"C"
"80472","01A",3,1,"C"
"80473","01A",4,1,"C"
"80474","01A",3,1,"C"
"80475","01A",5,1,"C"
"80476","01A",4,1,"C"
"80479","01A",3,1,"C"
"80480","01A",4,1,"C"
"80481","01A",2,1,"D"
"80482","01A",5,1,"C"
"80483","01A",4,1,"C"
"80484","01A",4,1,"C"
"80485","01A",5,1,"C"
"80486","01A",4,1,"C"
"80489","01A",3,1,"C"
"80490","01A",3,1,"C"
"80491","01A",3,1,"C"
"80492","01A",3,1,"C"
"80493","01A",3,1,"C"
"80494","01A",6,1,"C"
"80495","01A",5,1,"C"
"80496","01A",3,1,"C"
"80499","01A",4,1,"C"
"80500","14A",2,1,"D"
"80501","14A",2,1,"D"
"80502","14A",2,1,"D"
"80503","14A",2,1,"D"
"80504","14A",2,1,"D"
"80505","14A",2,1,"D"
"80506","14A",2,1,"D"
"80507","14A",2,1,"D"
"80508","14A",2,1,"D"
"80510","14A",2,1,"D"
"80511","14A",2,1,"D"
"80512","14A",2,1,"D"
"80513","14A",2,1,"D"
"80514","14A",2,1,"D"
"80515","14A",2,1,"D"
"80516","14A",2,1,"D"
"80517","14A",2,1,"D"
"80518","14A",2,1,"D"
"8052","15A",2,3,"D"
"8053","15A",2,3,"D"
"8054","16A",2,4,"D"
"8055","16A",2,4,"D"
"8056","17A",2,5,"D"
"8057","17A",3,5,"C"
"8058","18A",2,3,"D"
"8059","18A",2,3,"D"
"80600","09A",3,1,"A"
"80601","09A",6,1,"A"
"80602","09A",4,1,"A"
"80603","09A",4,1,"A"
"80604","09A",4,1,"A"
"80605","09A",3,1,"A"
"80606","09A",5,1,"A"
"80607","09A",4,1,"A"
"80608","09A",4,1,"A"
"80609","09A",4,1,"A"
"80610","09A",3,1,"A"
"80611","09A",5,1,"A"
"80612","09A",5,1,"A"
"80613","09A",3,1,"A"
"80614","09A",4,1,"A"
"80615","09A",5,1,"A"
"80616","09A",5,1,"A"
"80617","09A",3,1,"A"
"80618","09A",4,1,"A"
"80619","09A",5,1,"A"
"80620","10A",3,3,"A"
"80621","10A",5,3,"A"
"80622","10A",4,3,"A"
"80623","10A",4,3,"A"
"80624","10A",4,3,"A"
"80625","10A",3,3,"A"
"80626","10A",5,3,"A"
"80627","10A",4,3,"A"
"80628","10A",4,3,"A"
"80629","10A",4,3,"A"
"80630","10A",5,3,"A"
"80631","10A",5,3,"A"
"80632","10A",5,3,"A"
"80633","10A",5,3,"A"
"80634","10A",5,3,"A"
"80635","10A",5,3,"A"
"80636","10A",5,3,"A"
"80637","10A",5,3,"A"
"80638","10A",5,3,"A"
"80639","10A",5,3,"A"
"8064","11A",3,4,"A"
"8065","11A",5,4,"A"
"80660","12A",3,4,"A"
"80661","12A",2,4,"D"
"80662","12A",3,4,"A"
"80669","12A",3,4,"A"
"80670","12A",3,4,"A"
"80671","12A",4,4,"A"
"80672","12A",3,4,"A"
"80679","12A",3,4,"A"
"8068","13A",5,3,"A"
"8069","13A",2,3,"D"
"80700","19A",2,3,"D"
"80701","19A",1,3,"D"
"80702","19A",2,3,"D"
"80703","19A",2,3,"D"
"80704","19A",3,3,"B"
"80705","19A",3,3,"B"
"80706","19A",3,3,"B"
"80707","19A",4,3,"B"
"80708","19A",4,3,"B"
"80709","19A",2,3,"D"
"80710","19A",1,3,"D"
"80711","19A",3,3,"B"
"80712","19A",3,3,"B"
"80713","19A",3,3,"B"
"80714","19A",3,3,"B"
"80715","19A",3,3,"B"
"80716","19A",4,3,"B"
"80717","19A",4,3,"B"
"80718","19A",3,3,"B"
"80719","19A",3,3,"B"
"8072","19A",2,3,"D"
"8073","19A",2,3,"D"
"8074","19A",4,3,"B"
"8075","07A",2,1,"D"
"8076","07A",5,1,"B"
"8080","21A",2,5,"D"
"8081","21A",3,5,"C"
"8082","21A",2,5,"D"
"8083","21A",3,5,"C"
"80841","21A",2,5,"D"
"80842","21A",2,5,"D"
"80843","21A",4,5,"C"
"80849","21A",2,5,"D"
"80851","21A",3,5,"C"
"80852","21A",3,5,"C"
"80853","21A",3,5,"C"
"80859","21A",3,5,"C"
"8088","21A",2,5,"D"
"8089","21A",3,5,"C"
"8090","22A",2,5,"D"
"8091","22A",2,3,"D"
"81000","24A",2,5,"D"
"81001","24A",2,5,"D"
"81002","24A",2,5,"D"
"81003","24A",2,5,"D"
"81010","24A",2,5,"D"
"81011","24A",2,5,"D"
"81012","24A",2,5,"D"
"81013","24A",2,5,"D"
"81100","24A",2,5,"D"
"81101","24A",2,5,"D"
"81102","24A",2,5,"D"
"81103","24A",2,5,"D"
"81109","24A",2,5,"D"
"81110","24A",2,5,"D"
"81111","24A",2,5,"D"
"81112","24A",2,5,"D"
"81113","24A",2,5,"D"
"81119","24A",2,5,"D"
"81200","24A",2,5,"D"
"81201","24A",2,5,"D"
"81202","24A",2,5,"D"
"81203","24A",2,5,"D"
"81209","24A",2,5,"D"
"81210","24A",3,5,"C"
"81211","24A",3,5,"C"
"81212","24A",3,5,"C"
"81213","24A",3,5,"C"
"81219","24A",3,5,"C"
"81220","24A",2,5,"D"
"81221","24A",2,5,"D"
"81230","24A",3,5,"C"
"81231","24A",3,5,"C"
"81240","24A",2,5,"D"
"81241","24A",2,5,"D"
"81242","24A",2,5,"D"
"81243","24A",2,5,"D"
"81244","24A",2,5,"D"
"81249","24A",2,5,"D"
"81250","24A",3,5,"C"
"81251","24A",3,5,"C"
"81252","24A",3,5,"C"
"81253","24A",3,5,"C"
"81254","24A",3,5,"C"
"81259","24A",3,5,"C"
"81300","25A",2,5,"D"
"81301","25A",2,5,"D"
"81302","25A",2,5,"D"
"81303","25A",3,5,"C"
"81304","25A",2,5,"D"
"81305","25A",2,5,"D"
"81306","25A",2,5,"D"
"81307","25A",2,5,"D"
"81308","25A",2,5,"D"
"81310","25A",3,5,"C"
"81311","25A",3,5,"C"
"81312","25A",3,5,"C"
"81313","25A",3,5,"C"
"81314","25A",3,5,"C"
"81315","25A",3,5,"C"
"81316","25A",3,5,"C"
"81317","25A",3,5,"C"
"81318","25A",3,5,"C"
"81320","25A",2,5,"D"
"81321","25A",2,5,"D"
"81322","25A",2,5,"D"
"81323","25A",2,5,"D"
"81330","25A",3,5,"C"
"81331","25A",3,5,"C"
"81332","25A",3,5,"C"
"81333","25A",3,5,"C"
"81340","25A",2,5,"D"
"81341","25A",2,5,"D"
"81342","25A",2,5,"D"
"81343","25A",2,5,"D"
"81344","25A",2,5,"D"
"81345","25A",2,5,"D"
"81346","25A",2,5,"D"
"81347","25A",2,5,"D"
"81350","25A",3,5,"C"
"81351","25A",3,5,"C"
"81352","25A",3,5,"C"
"81353","25A",3,5,"C"
"81354","25A",3,5,"C"
"81380","25A",2,5,"D"
"81381","25A",2,5,"D"
"81382","25A",2,5,"D"
"81383","25A",2,5,"D"
"81390","25A",2,5,"D"
"81391","25A",3,5,"C"
"81392","25A",3,5,"C"
"81393","25A",3,5,"C"
"81400","26A",2,5,"D"
"81401","26A",2,5,"D"
"81402","26A",2,5,"D"
"81403","26A",2,5,"D"
"81404","26A",2,5,"D"
"81405","26A",2,5,"D"
"81406","26A",2,5,"D"
"81407","26A",2,5,"D"
"81408","26A",2,5,"D"
"81409","26A",2,5,"D"
"81410","26A",2,5,"D"
"81411","26A",2,5,"D"
"81412","26A",2,5,"D"
"81413","26A",2,5,"D"
"81414","26A",2,5,"D"
"81415","26A",2,5,"D"
"81416","26A",2,5,"D"
"81417","26A",2,5,"D"
"81418","26A",2,5,"D"
"81419","26A",2,5,"D"
"81500","26A",2,5,"D"
"81501","26A",2,5,"D"
"81502","26A",2,5,"D"
"81503","26A",2,5,"D"
"81504","26A",2,5,"D"
"81509","26A",2,5,"D"
"81510","26A",2,5,"D"
"81511","26A",2,5,"D"
"81512","26A",2,5,"D"
"81513","26A",2,5,"D"
"81514","26A",2,5,"D"
"81519","26A",2,5,"D"
"81600","26A",1,5,"D"
"81601","26A",1,5,"D"
"81602","26A",1,5,"D"
"81603","26A",1,5,"D"
"81610","26A",1,5,"D"
"81611","26A",1,5,"D"
"81612","26A",1,5,"D"
"81613","26A",1,5,"D"
"8170","26A",2,5,"D"
"8171","26A",2,5,"D"
"8180","27A",2,5,"D"
"8181","27A",2,5,"D"
"8190","34A",3,3,"C"
"8191","34A",2,5,"D"
"82000","28A",3,5,"C"
"82001","28A",3,5,"C"
"82002","28A",3,5,"C"
"82003","28A",3,5,"C"
"82009","28A",3,5,"C"
"82010","28A",3,5,"C"
"82011","28A",3,5,"C"
"82012","28A",3,5,"C"
"82013","28A",3,5,"C"
"82019","28A",3,5,"C"
"82020","28A",3,5,"C"
"82021","28A",3,5,"C"
"82022","28A",3,5,"C"
"82030","28A",3,5,"C"
"82031","28A",3,5,"C"
"82032","28A",3,5,"C"
"8208","28A",3,5,"C"
"8209","28A",3,5,"C"
"82100","29A",3,5,"C"
"82101","29A",3,5,"C"
"82110","29A",3,5,"C"
"82111","29A",3,5,"C"
"82120","29A",3,5,"C"
"82121","29A",3,5,"C"
"82122","29A",3,5,"C"
"82123","29A",3,5,"C"
"82129","29A",3,5,"C"
"82130","29A",3,5,"C"
"82131","29A",3,5,"C"
"82132","29A",3,5,"C"
"82133","29A",3,5,"C"
"82139","29A",3,5,"C"
"8220","30A",2,5,"D"
"8221","30A",2,5,"D"
"82300","31A",2,5,"D"
"82301","31A",2,5,"D"
"82302","31A",2,5,"D"
"82310","31A",3,5,"C"
"82311","31A",2,5,"D"
"82312","31A",3,5,"C"
"82320","31A",2,5,"D"
"82321","31A",2,5,"D"
"82322","31A",2,5,"D"
"82330","31A",3,5,"C"
"82331","31A",2,5,"D"
"82332","31A",3,5,"C"
"82340","31A",2,5,"D"
"82341","31A",2,5,"D"
"82342","31A",2,5,"D"
"82380","31A",2,5,"D"
"82381","31A",2,5,"D"
"82382","31A",2,5,"D"
"82390","31A",2,5,"D"
"82391","31A",2,5,"D"
"82392","31A",2,5,"D"
"8240","31A",2,5,"D"
"8241","31A",2,5,"D"
"8242","31A",2,5,"D"
"8243","31A",2,5,"D"
"8244","31A",2,5,"D"
"8245","31A",3,5,"C"
"8246","31A",2,5,"D"
"8247","31A",2,5,"D"
"8248","31A",2,5,"D"
"8249","31A",3,5,"C"
"8250","32A",2,5,"D"
"8251","32A",2,5,"D"
"82520","32A",2,5,"D"
"82521","32A",2,5,"D"
"82522","32A",2,5,"D"
"82523","32A",2,5,"D"
"82524","32A",2,5,"D"
"82525","32A",2,5,"D"
"82529","32A",2,5,"D"
"82530","32A",2,5,"D"
"82531","32A",2,5,"D"
"82532","32A",2,5,"D"
"82533","32A",2,5,"D"
"82534","32A",2,5,"D"
"82535","32A",2,5,"D"
"82539","32A",2,5,"D"
"8260","32A",1,5,"D"
"8261","32A",1,5,"D"
"8270","33A",2,5,"D"
"8271","33A",2,5,"D"
"8280","34A",2,5,"D"
"8281","34A",2,5,"D"
"8290","35A",2,5,"D"
"8291","35A",2,5,"D"
"8300","05B",2,2,"D"
"8301","05B",2,2,"D"
"83100","24B",2,5,"D"
"83101","24B",2,5,"D"
"83102","24B",2,5,"D"
"83103","24B",2,5,"D"
"83104","24B",2,5,"D"
"83109","24B",2,5,"D"
"83110","24B",2,5,"D"
"83111","24B",2,5,"D"
"83112","24B",2,5,"D"
"83113","24B",2,5,"D"
"83114","24B",2,5,"D"
"83119","24B",2,5,"D"
"83200","25B",1,5,"D"
"83201","25B",1,5,"D"
"83202","25B",1,5,"D"
"83203","25B",1,5,"D"
"83204","25B",1,5,"D"
"83209","25B",1,5,"D"
"83210","25B",1,5,"D"
"83211","25B",1,5,"D"
"83212","25B",1,5,"D"
"83213","25B",1,5,"D"
"83214","25B",1,5,"D"
"83219","25B",1,5,"D"
"8322","25B",1,5,"D"
"83300","26B",2,5,"D"
"83301","26B",2,5,"D"
"83302","26B",2,5,"D"
"83303","26B",2,5,"D"
"83304","26B",1,5,"D"
"83305","26B",1,5,"D"
"83309","26B",2,5,"D"
"83310","26B",2,5,"D"
"83311","26B",2,5,"D"
"83312","26B",2,5,"D"
"83313","26B",2,5,"D"
"83314","26B",1,5,"D"
"83315","26B",2,5,"D"
"83319","26B",2,5,"D"
"83400","26B",1,5,"D"
"83401","26B",1,5,"D"
"83402","26B",1,5,"D"
"83410","26B",1,5,"D"
"83411","26B",1,5,"D"
"83412","26B",1,5,"D"
"83500","28B",2,5,"D"
"83501","28B",2,5,"D"
"83502","28B",2,5,"D"
"83503","28B",2,5,"D"
"83510","28B",2,5,"D"
"83511","28B",2,5,"D"
"83512","28B",2,5,"D"
"83513","28B",2,5,"D"
"8360","30B",2,5,"D"
"8361","30B",2,5,"D"
"8362","30B",2,5,"D"
"8363","30B",2,5,"D"
"8364","30B",2,5,"D"
"83650","30B",2,5,"D"
"83651","30B",2,5,"D"
"83652","30B",2,5,"D"
"83653","30B",2,5,"D"
"83654","30B",2,5,"D"
"83659","30B",2,5,"D"
"83660","30B",2,5,"D"
"83661","30B",2,5,"D"
"83662","30B",2,5,"D"
"83663","30B",2,5,"D"
"83664","30B",2,5,"D"
"83669","30B",2,5,"D"
"8370","31B",2,5,"D"
"8371","31B",2,5,"D"
"83800","32B",1,5,"D"
"83801","32B",1,5,"D"
"83802","32B",1,5,"D"
"83803","32B",1,5,"D"
"83804","32B",1,5,"D"
"83805","32B",1,5,"D"
"83806","32B",1,5,"D"
"83809","32B",1,5,"D"
"83810","32B",1,5,"D"
"83811","32B",1,5,"D"
"83812","32B",1,5,"D"
"83813","32B",1,5,"D"
"83814","32B",1,5,"D"
"83815","32B",1,5,"D"
"83816","32B",1,5,"D"
"83819","32B",1,5,"D"
"83900","14B",2,1,"D"
"83901","14B",2,1,"D"
"83902","14B",2,1,"D"
"83903","14B",2,1,"D"
"83904","14B",2,1,"D"
"83905","14B",2,1,"D"
"83906","14B",2,1,"D"
"83907","14B",2,1,"D"
"83908","14B",2,1,"D"
"83910","14B",2,1,"D"
"83911","14B",2,1,"D"
"83912","14B",2,1,"D"
"83913","14B",5,1,"C"
"83914","14B",5,1,"C"
"83915","14B",2,1,"D"
"83916","14B",4,1,"C"
"83917","14B",3,1,"C"
"83918","14B",2,1,"D"
"83920","16B",2,4,"D"
"83921","15B",2,3,"D"
"83930","16B",2,4,"D"
"83931","15B",2,3,"D"
"83940","18B",2,3,"D"
"83941","17B",2,5,"D"
"83942","17B",3,5,"C"
"83949","18B",3,3,"C"
"83950","18B",2,5,"D"
"83951","17B",2,5,"D"
"83952","17B",3,5,"C"
"83959","18B",3,3,"C"
"83961","19B",2,3,"D"
"83969","21B",3,5,"C"
"83971","19B",2,3,"D"
"83979","21B",3,5,"C"
"8398","35B",1,5,"D"
"8399","35B",2,5,"D"
"8400","24C",1,5,"D"
"8401","24C",1,5,"D"
"8402","24C",2,5,"D"
"8403","24C",1,5,"D"
"8404","24C",1,5,"D"
"8405","24C",1,5,"D"
"8406","24C",1,5,"D"
"8407","24C",2,5,"D"
"8408","24C",1,5,"D"
"8409","24C",1,5,"D"
"8410","25C",1,5,"D"
"8411","25C",1,5,"D"
"8412","25C",2,5,"D"
"8413","25C",1,5,"D"
"8418","25C",1,5,"D"
"8419","25C",1,5,"D"
"84200","26C",1,5,"D"
"84201","26C",1,5,"D"
"84202","26C",1,5,"D"
"84209","26C",1,5,"D"
"84210","26C",1,5,"D"
"84211","26C",1,5,"D"
"84212","26C",1,5,"D"
"84213","26C",1,5,"D"
"84219","26C",1,5,"D"
"8430","28C",1,5,"D"
"8431","28C",1,5,"D"
"8438","28C",2,5,"D"
"8439","28C",1,5,"D"
"8440","30C",2,5,"D"
"8441","30C",2,5,"D"
"8442","30C",2,5,"D"
"8443","30C",2,5,"D"
"8448","33C",2,5,"D"
"8449","33C",2,5,"D"
"84500","31C",1,5,"D"
"84501","31C",1,5,"D"
"84502","31C",1,5,"D"
"84503","31C",1,5,"D"
"84509","31C",2,5,"D"
"84510","32C",1,5,"D"
"84511","32C",1,5,"D"
"84512","32C",1,5,"D"
"84513","32C",1,5,"D"
"84519","32C",2,5,"D"
"8460","21C",1,5,"D"
"8461","21C",1,5,"D"
"8462","21C",1,5,"D"
"8463","21C",1,5,"D"
"8468","21C",1,5,"D"
"8469","21C",1,5,"D"
"8470","14C",1,1,"D"
"8471","15C",1,3,"D"
"8472","16C",1,4,"D"
"8473","17C",1,5,"D"
"8474","17C",1,5,"D"
"8479","23C",1,3,"D"
"8480","05C",1,2,"D"
"8481","05C",1,2,"D"
"8482","07C",1,1,"D"
"8483","19C",1,3,"D"
"84840","19C",1,3,"D"
"84841","19C",1,3,"D"
"84842","19C",1,3,"D"
"84849","19C",1,3,"D"
"8485","21C",1,5,"D"
"8488","35C",1,5,"D"
"8489","35C",1,5,"D"
"8500","02D",2,1,"D"
"8501","02D",2,1,"D"
"85011","02D",1,1,"D"
"85012","02D",1,1,"D"
"8502","01D",2,1,"D"
"8503","01D",2,1,"D"
"8504","01D",5,1,"A"
"8505","02D",2,1,"D"
"8509","02D",2,1,"D"
"85100","01D",3,1,"A"
"85101","01D",3,1,"A"
"85102","01D",3,1,"A"
"85103","01D",3,1,"A"
"85104","01D",3,1,"A"
"85105","01D",3,1,"A"
"85106","01D",3,1,"A"
"85109","01D",3,1,"A"
"85110","01D",3,1,"A"
"85111","01D",3,1,"A"
"85112","01D",3,1,"A"
"85113","01D",3,1,"A"
"85114","01D",3,1,"A"
"85115","01D",3,1,"A"
"85116","01D",3,1,"A"
"85119","01D",3,1,"A"
"85120","01D",4,1,"A"
"85121","01D",4,1,"A"
"85122","01D",4,1,"A"
"85123","01D",4,1,"A"
"85124","01D",4,1,"A"
"85125","01D",4,1,"A"
"85126","01D",4,1,"A"
"85129","01D",4,1,"A"
"85130","01D",5,1,"A"
"85131","01D",5,1,"A"
"85132","01D",4,1,"A"
"85133","01D",5,1,"A"
"85134","01D",5,1,"A"
"85135","01D",5,1,"A"
"85136","01D",5,1,"A"
"85139","01D",5,1,"A"
"85140","01D",3,1,"A"
"85141","01D",3,1,"A"
"85142","01D",3,1,"A"
"85143","01D",3,1,"A"
"85144","01D",5,1,"A"
"85145","01D",5,1,"A"
"85146","01D",3,1,"A"
"85149","01D",5,1,"A"
"85150","01D",3,1,"A"
"85151","01D",3,1,"A"
"85152","01D",3,1,"A"
"85153","01D",3,1,"A"
"85154","01D",5,1,"A"
"85155","01D",5,1,"A"
"85156","01D",3,1,"A"
"85159","01D",3,1,"A"
"85160","01D",6,1,"A"
"85161","01D",4,1,"A"
"85162","01D",4,1,"A"
"85163","01D",4,1,"A"
"85164","01D",6,1,"A"
"85165","01D",6,1,"A"
"85166","01D",6,1,"A"
"85169","01D",3,1,"A"
"85170","01D",6,1,"A"
"85171","01D",4,1,"A"
"85172","01D",3,1,"A"
"85173","01D",5,1,"A"
"85174","01D",6,1,"A"
"85175","01D",5,1,"A"
"85176","01D",4,1,"A"
"85179","01D",3,1,"A"
"85180","01D",3,1,"A"
"85181","01D",3,1,"A"
"85182","01D",3,1,"A"
"85183","01D",3,1,"A"
"85184","01D",3,1,"A"
"85185","01D",3,1,"A"
"85186","01D",3,1,"A"
"85189","01D",4,1,"A"
"85190","01D",5,1,"A"
"85191","01D",4,1,"A"
"85192","01D",5,1,"A"
"85193","01D",4,1,"A"
"85194","01D",5,1,"A"
"85195","01D",5,1,"A"
"85196","01D",5,1,"A"
"85199","01D",5,1,"A"
"85200","01D",3,1,"A"
"85201","01D",3,1,"A"
"85202","01D",3,1,"A"
"85203","01D",3,1,"A"
"85204","01D",3,1,"A"
"85205","01D",3,1,"A"
"85206","01D",3,1,"A"
"85209","01D",3,1,"A"
"85210","01D",3,1,"A"
"85211","01D",3,1,"A"
"85212","01D",3,1,"A"
"85213","01D",3,1,"A"
"85214","01D",3,1,"A"
"85215","01D",3,1,"A"
"85216","01D",3,1,"A"
"85219","01D",3,1,"A"
"85220","01D",4,1,"A"
"85221","01D",4,1,"A"
"85222","01D",4,1,"A"
"85223","01D",4,1,"A"
"85224","01D",4,1,"A"
"85225","01D",5,1,"A"
"85226","01D",4,1,"A"
"85229","01D",4,1,"A"
"85230","01D",4,1,"A"
"85231","01D",4,1,"A"
"85232","01D",4,1,"A"
"85233","01D",5,1,"A"
"85234","01D",4,1,"A"
"85235","01D",5,1,"A"
"85236","01D",4,1,"A"
"85239","01D",5,1,"A"
"85240","01D",4,1,"A"
"85241","01D",4,1,"A"
"85242","01D",4,1,"A"
"85243","01D",4,1,"A"
"85244","01D",4,1,"A"
"85245","01D",5,1,"A"
"85246","01D",4,1,"A"
"85249","01D",4,1,"A"
"85250","01D",4,1,"A"
"85251","01D",4,1,"A"
"85252","01D",4,1,"A"
"85253","01D",4,1,"A"
"85254","01D",4,1,"A"
"85255","01D",5,1,"A"
"85256","01D",4,1,"A"
"85259","01D",4,1,"A"
"85300","01D",4,1,"A"
"85301","01D",4,1,"A"
"85302","01D",4,1,"A"
"85303","01D",4,1,"A"
"85304","01D",4,1,"A"
"85305","01D",4,1,"A"
"85306","01D",4,1,"A"
"85309","01D",4,1,"A"
"85310","01D",3,1,"A"
"85311","01D",4,1,"A"
"85312","01D",4,1,"A"
"85313","01D",4,1,"A"
"85314","01D",5,1,"A"
"85315","01D",5,1,"A"
"85316","01D",4,1,"A"
"85319","01D",4,1,"A"
"85400","01D",2,1,"D"
"85401","01D",1,1,"D"
"85402","01D",2,1,"D"
"85403","01D",3,1,"A"
"85404","01D",5,1,"A"
"85405","01D",5,1,"A"
"85406","01D",2,1,"D"
"85409","01D",2,1,"D"
"85410","01D",3,1,"A"
"85411","01D",5,1,"A"
"85412","01D",3,1,"A"
"85413","01D",5,1,"A"
"85414","01D",5,1,"A"
"85415","01D",5,1,"A"
"85416","01D",5,1,"A"
"85419","01D",3,1,"A"
"8600","19D",3,3,"B"
"8601","19D",3,3,"B"
"8602","19D",3,3,"B"
"8603","19D",3,3,"B"
"8604","19D",3,3,"B"
"8605","19D",3,3,"B"
"86100","19D",3,3,"B"
"86101","19D",3,3,"B"
"86102","19D",3,3,"B"
"86103","19D",5,3,"B"
"86110","19D",3,3,"B"
"86111","19D",3,3,"B"
"86112","19D",3,3,"B"
"86113","19D",6,3,"B"
"86120","19D",3,3,"B"
"86121","19D",3,3,"B"
"86122","19D",3,3,"B"
"86130","19D",3,3,"B"
"86131","19D",3,3,"B"
"86132","19D",3,3,"B"
"8620","19D",3,3,"B"
"8621","19D",3,3,"B"
"86221","19D",3,3,"B"
"86222","19D",2,3,"D"
"86229","19D",2,3,"D"
"86231","19D",3,3,"B"
"86232","19D",4,3,"B"
"86239","19D",2,3,"D"
"8628","19D",6,3,"B"
"8629","19D",3,3,"B"
"8630","20D",2,4,"D"
"8631","20D",3,4,"C"
"86320","20D",2,4,"D"
"86321","20D",2,4,"D"
"86329","20D",2,4,"D"
"86330","20D",3,4,"C"
"86331","20D",3,4,"C"
"86339","20D",3,4,"C"
"86340","20D",2,4,"D"
"86341","20D",2,4,"D"
"86342","20D",2,4,"D"
"86343","20D",2,4,"D"
"86344","20D",2,4,"D"
"86345","20D",2,4,"D"
"86346","20D",2,4,"D"
"86349","20D",2,4,"D"
"86350","20D",3,4,"C"
"86351","20D",3,4,"C"
"86352","20D",3,4,"C"
"86353","20D",3,4,"C"
"86354","20D",3,4,"C"
"86355","20D",2,4,"D"
"86356","20D",3,4,"C"
"86359","20D",2,4,"D"
"86380","20D",2,4,"D"
"86381","20D",2,4,"D"
"86382","20D",2,4,"D"
"86383","20D",2,4,"D"
"86384","20D",2,4,"D"
"86385","20D",2,4,"D"
"86389","20D",2,4,"D"
"86390","20D",2,4,"D"
"86391","20D",2,4,"D"
"86392","20D",2,4,"D"
"86393","20D",2,4,"D"
"86394","20D",2,4,"D"
"86395","20D",3,4,"C"
"86399","20D",2,4,"D"
"86400","20D",2,4,"D"
"86401","20D",2,4,"D"
"86402","20D",2,4,"D"
"86403","20D",3,4,"C"
"86404","20D",4,4,"C"
"86405","20D",2,4,"D"
"86409","20D",2,4,"D"
"86410","20D",2,4,"D"
"86411","20D",2,4,"D"
"86412","20D",2,4,"D"
"86413","20D",3,4,"C"
"86414","20D",4,4,"C"
"86415","20D",2,4,"D"
"86419","20D",2,4,"D"
"86500","20D",2,4,"D"
"86501","20D",2,4,"D"
"86502","20D",2,4,"D"
"86503","20D",4,4,"C"
"86504","20D",5,4,"C"
"86509","20D",2,4,"D"
"86510","20D",2,4,"D"
"86511","20D",2,4,"D"
"86512","20D",2,4,"D"
"86513","20D",3,4,"C"
"86514","20D",5,4,"C"
"86519","20D",2,4,"D"
"86600","20D",2,4,"D"
"86601","20D",2,4,"D"
"86602","20D",2,4,"D"
"86603","20D",5,4,"C"
"86610","20D",2,4,"D"
"86611","20D",2,4,"D"
"86612","20D",2,4,"D"
"86613","20D",5,4,"C"
"8670","21D",2,4,"D"
"8671","21D",4,4,"C"
"8672","21D",2,4,"D"
"8673","21D",3,4,"C"
"8674","21D",2,4,"D"
"8675","21D",2,4,"D"
"8676","21D",2,4,"D"
"8677","21D",2,4,"D"
"8678","21D",2,4,"D"
"8679","21D",2,4,"D"
"86800","20D",1,4,"D"
"86801","20D",1,4,"D"
"86802","20D",2,4,"D"
"86803","20D",3,4,"C"
"86804","20D",3,4,"C"
"86809","20D",2,4,"D"
"86810","20D",2,4,"D"
"86811","20D",1,4,"D"
"86812","20D",2,4,"D"
"86813","20D",1,4,"D"
"86814","20D",3,4,"C"
"86819","20D",2,4,"D"
"8690","35D",2,4,"D"
"8691","35D",2,4,"D"
"8700","06E",1,6,"D"
"8701","06E",1,6,"D"
"8702","06E",1,6,"D"
"8703","06E",1,2,"D"
"8704","06E",1,2,"D"
"8708","06E",1,2,"D"
"8709","06E",1,2,"D"
"8710","06E",1,2,"D"
"8711","06E",2,2,"D"
"8712","06E",2,2,"D"
"8713","06E",2,2,"D"
"8714","06E",1,2,"D"
"8715","06E",2,2,"D"
"8716","06E",1,2,"D"
"8717","06E",1,2,"D"
"8719","06E",1,2,"D"
"87200","05E",1,6,"D"
"87201","05E",1,2,"D"
"87202","05E",1,2,"D"
"87210","05E",1,6,"D"
"87211","05E",1,2,"D"
"87212","05E",1,2,"D"
"87261","05E",1,2,"D"
"87262","05E",1,2,"D"
"87263","05E",2,2,"D"
"87264","05E",1,2,"D"
"87269","05E",1,6,"D"
"87271","05E",1,2,"D"
"87272","05E",1,2,"D"
"87273","05E",1,2,"D"
"87274","05E",2,2,"D"
"87279","05E",1,2,"D"
"8728","05E",1,6,"D"
"8729","05E",1,6,"D"
"8730","04E",1,6,"D"
"8731","04E",2,6,"D"
"87320","05E",1,6,"D"
"87321","05E",1,6,"D"
"87322","05E",1,6,"D"
"87323","05E",1,6,"D"
"87329","05E",1,6,"D"
"87330","05E",1,6,"D"
"87331","05E",2,6,"D"
"87332","05E",1,6,"D"
"87333","05E",1,6,"D"
"87339","05E",2,6,"D"
"87340","05E",1,6,"D"
"87341","05E",1,6,"D"
"87342","05E",1,6,"D"
"87343","05E",1,6,"D"
"87344","05E",1,6,"D"
"87349","05E",1,6,"D"
"87350","05E",1,6,"D"
"87351","05E",1,6,"D"
"87352","05E",1,6,"D"
"87353","05E",1,6,"D"
"87354","05E",1,6,"D"
"87359","05E",2,6,"D"
"87360","05E",1,2,"D"
"87361","05E",1,2,"D"
"87362","05E",1,2,"D"
"87363","05E",1,2,"D"
"87364","05E",1,2,"D"
"87365","05E",1,2,"D"
"87369","05E",1,2,"D"
"87370","05E",1,2,"D"
"87371","05E",1,2,"D"
"87372","05E",1,2,"D"
"87373","05E",1,2,"D"
"87374","05E",2,2,"D"
"87375","05E",1,2,"D"
"87379","05E",1,2,"D"
"8738","04E",1,6,"D"
"8739","04E",5,6,"C"
"87400","07E",1,1,"D"
"87401","07E",2,1,"D"
"87402","07E",3,3,"B"
"87410","07E",3,1,"B"
"87411","07E",3,1,"B"
"87412","07E",4,3,"B"
"8742","07E",2,1,"D"
"8743","07E",2,1,"D"
"8744","07E",2,1,"D"
"8745","07E",4,1,"B"
"8748","07E",1,6,"D"
"8749","07E",1,6,"D"
"8750","19E",1,3,"D"
"8751","19E",1,6,"D"
"8760","23E",1,3,"D"
"8761","23E",1,6,"D"
"8770","21E",1,6,"D"
"8771","21E",1,6,"D"
"8780","21E",1,6,"D"
"8781","21E",2,4,"D"
"8782","21E",1,4,"D"
"8783","21E",2,4,"D"
"8784","21E",1,4,"D"
"8785","21E",2,4,"D"
"8786","21E",1,4,"D"
"8787","21E",2,4,"D"
"8788","21E",1,4,"D"
"8789","21E",2,4,"D"
"8790","19E",1,6,"D"
"8791","19E",2,6,"D"
"8792","20E",1,4,"D"
"8793","20E",1,4,"D"
"8794","20E",1,4,"D"
"8795","20E",1,4,"D"
"8796","22E",1,4,"D"
"8797","22E",2,4,"D"
"8798","35E",1,6,"D"
"8799","35E",1,6,"D"
"88000","24E",1,6,"D"
"88001","24E",1,6,"D"
"88002","24E",1,6,"D"
"88003","24E",1,6,"D"
"88009","24E",1,6,"D"
"88010","24E",1,6,"D"
"88011","24E",1,6,"D"
"88012","24E",2,6,"D"
"88013","24E",2,6,"D"
"88019","24E",2,6,"D"
"88020","24E",1,5,"D"
"88021","24E",1,5,"D"
"88022","24E",1,5,"D"
"88023","24E",1,5,"D"
"88029","24E",1,5,"D"
"88100","25E",1,6,"D"
"88101","25E",1,6,"D"
"88102","26E",1,6,"D"
"88110","25E",1,6,"D"
"88111","25E",1,6,"D"
"88112","26E",1,6,"D"
"88120","25E",1,5,"D"
"88121","25E",1,5,"D"
"88122","26E",1,5,"D"
"8820","26E",1,6,"D"
"8821","26E",1,6,"D"
"8822","26E",1,5,"D"
"8830","26E",1,6,"D"
"8831","26E",1,6,"D"
"8832","26E",1,5,"D"
"8840","27E",1,6,"D"
"8841","27E",1,6,"D"
"8842","27E",1,5,"D"
"8850","26F",2,5,"D"
"8851","26F",2,5,"D"
"8860","26F",2,5,"D"
"8861","26F",2,5,"D"
"8870","25F",3,5,"C"
"8871","25F",3,5,"C"
"8872","24F",3,5,"C"
"8873","24F",3,5,"C"
"8874","27F",3,5,"C"
"8875","27F",3,5,"C"
"8876","27F",3,5,"C"
"8877","27F",3,5,"C"
"8900","33E",1,6,"D"
"8901","33E",1,6,"D"
"8902","33E",2,5,"D"
"8910","33E",1,5,"D"
"8911","33E",2,5,"D"
"8912","33E",2,5,"D"
"8920","32E",1,6,"D"
"8921","32E",1,6,"D"
"8922","32E",2,5,"D"
"8930","32E",1,6,"D"
"8931","32E",1,6,"D"
"8932","32E",2,5,"D"
"8940","33E",1,6,"D"
"8941","33E",2,6,"D"
"8942","33E",2,5,"D"
"8950","32F",2,5,"D"
"8951","32F",2,5,"D"
"8960","32F",3,5,"C"
"8961","32F",3,5,"C"
"8962","32F",3,5,"C"
"8963","32F",3,5,"C"
"8970","31F",3,5,"C"
"8971","31F",3,5,"C"
"8972","29F",4,5,"C"
"8973","29F",4,5,"C"
"8974","33F",3,5,"C"
"8975","33F",4,5,"C"
"8976","33F",3,5,"C"
"8977","33F",3,5,"C"
"90000","08G",3,1,"B"
"90001","08G",3,1,"B"
"90002","08G",2,1,"D"
"90003","08G",3,1,"B"
"9001","08G",3,1,"B"
"90081","08G",1,1,"D"
"90082","08G",3,1,"B"
"90089","08G",3,1,"B"
"9009","08G",4,1,"B"
"9010","19G",5,3,"B"
"9011","19G",3,3,"B"
"9012","19G",3,3,"B"
"9013","19G",3,3,"B"
"90140","19G",4,3,"B"
"90141","19G",3,3,"B"
"90142","19G",3,3,"B"
"90181","19G",2,3,"D"
"90182","19G",3,3,"B"
"90183","19G",3,3,"B"
"90189","19G",2,3,"D"
"9019","19G",2,3,"D"
"9020","20G",4,4,"C"
"90210","20G",3,4,"C"
"90211","20G",3,4,"C"
"90219","20G",4,4,"C"
"90220","20G",3,4,"C"
"90221","20G",3,4,"C"
"90222","20G",3,4,"C"
"90223","20G",3,4,"C"
"90224","20G",3,4,"C"
"90225","20G",3,4,"C"
"90226","20G",3,4,"C"
"90227","20G",3,4,"C"
"90229","20G",3,4,"C"
"90231","20G",3,4,"C"
"90232","20G",3,4,"C"
"90233","20G",3,4,"C"
"90234","20G",3,4,"C"
"90239","20G",3,4,"C"
"90240","20G",3,4,"C"
"90241","20G",3,4,"C"
"90242","20G",3,4,"C"
"90249","20G",3,4,"C"
"90250","21G",3,4,"C"
"90251","21G",3,4,"C"
"90252","21G",3,4,"C"
"90253","21G",3,4,"C"
"90254","21G",3,4,"C"
"90255","21G",3,4,"C"
"90256","21G",3,4,"C"
"90259","21G",3,4,"C"
"90281","21G",3,4,"C"
"90282","21G",3,4,"C"
"90287","34G",3,4,"C"
"90289","34G",3,4,"C"
"9029","35G",3,4,"C"
"90300","27G",2,3,"D"
"90301","27G",2,5,"D"
"90302","27G",2,5,"D"
"9031","27G",3,5,"C"
"9032","27G",1,5,"D"
"9033","27G",1,5,"D"
"9034","27G",1,5,"D"
"9035","27G",1,5,"D"
"9038","27G",1,5,"D"
"9039","27G",1,5,"D"
"9040","33G",3,5,"C"
"9041","33G",3,5,"C"
"9042","33G",2,5,"D"
"9043","33G",1,5,"D"
"90440","33G",2,5,"D"
"90441","33G",2,5,"D"
"90442","33G",2,5,"D"
"90450","33G",1,5,"D"
"90451","33G",1,5,"D"
"90452","33G",1,5,"D"
"90453","33G",1,5,"D"
"90454","33G",1,5,"D"
"9046","33G",1,5,"D"
"9047","33G",1,5,"D"
"9048","33G",1,5,"D"
"9049","35G",3,5,"C"
"9100","08H",1,6,"D"
"9101","08H",1,6,"D"
"9102","08H",1,6,"D"
"9103","08H",1,2,"D"
"9104","08H",1,6,"D"
"9105","08H",1,6,"D"
"9106","08H",1,6,"D"
"9107","08H",1,2,"D"
"9108","08H",1,6,"D"
"9109","08H",1,6,"D"
"9110","22H",1,6,"D"
"9111","22H",1,6,"D"
"9112","22H",1,6,"D"
"9113","22H",1,6,"D"
"9114","22H",1,6,"D"
"9115","22H",1,6,"D"
"9116","22H",1,6,"D"
"9117","22H",1,6,"D"
"9118","22H",1,6,"D"
"9119","22H",1,6,"D"
"9120","24H",1,6,"D"
"9121","24H",1,6,"D"
"9122","24H",1,6,"D"
"9123","24H",1,6,"D"
"9124","24H",1,6,"D"
"9125","24H",1,6,"D"
"9126","24H",1,6,"D"
"9127","24H",1,6,"D"
"9128","24H",1,6,"D"
"9129","24H",1,6,"D"
"9130","27H",1,6,"D"
"9131","27H",1,6,"D"
"9132","27H",1,6,"D"
"9133","27H",1,5,"D"
"9134","27H",1,6,"D"
"9135","27H",1,6,"D"
"9136","27H",1,6,"D"
"9137","27H",1,6,"D"
"9138","27H",1,6,"D"
"9139","27H",1,6,"D"
"9140","26H",1,6,"D"
"9141","26H",1,6,"D"
"9142","26H",1,6,"D"
"9143","26H",1,5,"D"
"9144","26H",1,5,"D"
"9145","26H",1,6,"D"
"9146","26H",1,6,"D"
"9147","26H",1,6,"D"
"9148","26H",1,6,"D"
"9149","26H",1,6,"D"
"9150","26H",1,6,"D"
"9151","26H",1,6,"D"
"9152","26H",1,6,"D"
"9153","26H",2,6,"D"
"9154","26H",1,5,"D"
"9155","26H",1,6,"D"
"9156","26H",1,6,"D"
"9157","26H",1,6,"D"
"9158","26H",1,6,"D"
"9159","26H",1,6,"D"
"9160","33H",1,6,"D"
"9161","33H",1,6,"D"
"9162","33H",1,6,"D"
"9163","33H",1,6,"D"
"9164","33H",1,6,"D"
"9165","33H",1,6,"D"
"9166","33H",1,6,"D"
"9167","33H",1,6,"D"
"9168","33H",1,6,"D"
"9169","33H",1,6,"D"
"9170","32H",1,6,"D"
"9171","32H",1,6,"D"
"9172","32H",1,6,"D"
"9173","32H",1,6,"D"
"9174","32H",1,6,"D"
"9175","32H",2,6,"D"
"9176","32H",1,6,"D"
"9177","32H",1,6,"D"
"9178","32H",1,6,"D"
"9179","32H",1,6,"D"
"9180","06H",1,6,"D"
"9181","06H",1,1,"D"
"9182","06H",1,1,"D"
"9189","06H",1,1,"D"
"9190","35H",1,6,"D"
"9191","35H",1,6,"D"
"9192","35H",1,6,"D"
"9193","35H",1,6,"D"
"9194","35H",1,6,"D"
"9195","35H",1,6,"D"
"9196","35H",1,6,"D"
"9197","35H",1,6,"D"
"9198","35H",1,6,"D"
"9199","35H",1,6,"D"
"920","08H",1,6,"D"
"9210","06H",1,1,"D"
"9211","06H",1,1,"D"
"9212","06H",1,1,"D"
"9213","06H",1,1,"D"
"9219","06H",1,1,"D"
"9220","19H",1,6,"D"
"9221","19H",1,3,"D"
"9222","20H",1,4,"D"
"92231","23H",1,6,"D"
"92232","23H",1,6,"D"
"92233","19H",1,6,"D"
"9224","21H",1,4,"D"
"9228","22H",1,4,"D"
"9229","22H",1,4,"D"
"92300","24H",1,6,"D"
"92301","24H",1,6,"D"
"92302","24H",1,6,"D"
"92303","24H",1,6,"D"
"92309","24H",1,6,"D"
"92310","25H",1,6,"D"
"92311","25H",1,6,"D"
"92320","26H",1,6,"D"
"92321","26H",1,6,"D"
"9233","26H",1,6,"D"
"9238","27H",1,6,"D"
"9239","27H",1,6,"D"
"92400","29H",1,6,"D"
"92401","28H",1,6,"D"
"92410","31H",1,6,"D"
"92411","30H",1,6,"D"
"92420","32H",1,6,"D"
"92421","31H",1,6,"D"
"9243","32H",1,6,"D"
"9244","33H",1,6,"D"
"9245","33H",1,6,"D"
"9248","35H",1,6,"D"
"9249","35H",1,6,"D"
"9251","08I",1,1,"D"
"9252","07I",2,1,"D"
"9260","21I",2,4,"D"
"92611","23I",1,3,"D"
"92612","21I",1,3,"D"
"92619","19I",2,3,"D"
"9268","22I",6,3,"C"
"9269","22I",1,3,"D"
"92700","24I",3,5,"C"
"92701","24I",2,5,"D"
"92702","24I",3,5,"C"
"92703","24I",3,5,"C"
"92709","24I",3,5,"C"
"92710","25I",3,5,"C"
"92711","25I",3,5,"C"
"92720","26I",3,5,"C"
"92721","26I",3,5,"C"
"9273","26I",2,5,"D"
"9278","27I",3,5,"C"
"9279","27I",3,5,"C"
"92800","29I",4,5,"C"
"92801","28I",3,5,"C"
"92810","31I",2,5,"D"
"92811","30I",3,5,"C"
"92820","32I",2,5,"D"
"92821","31I",2,5,"D"
"9283","32I",2,5,"D"
"9288","33I",2,5,"D"
"9289","33I",2,5,"D"
"9290","35I",2,5,"D"
"9299","35I",6,5,"C"
"9400","06J",9,6,""
"9401","06J",9,6,""
"9402","06J",9,2,""
"9403","06J",9,2,""
"9404","06J",9,2,""
"9405","06J",9,6,""
"9409","06J",9,6,""
"94100","08J",9,6,""
"94101","05J",9,6,""
"94102","06J",9,6,""
"94103","05J",9,6,""
"94104","05J",9,6,""
"94105","05J",9,6,""
"94106","04J",9,6,""
"94107","05J",9,6,""
"94108","07J",9,6,""
"94109","08J",9,6,""
"94110","08J",9,6,""
"94111","05J",9,6,""
"94112","06J",9,6,""
"94113","05J",9,6,""
"94114","05J",9,6,""
"94115","05J",9,6,""
"94116","04J",9,6,""
"94117","05J",9,6,""
"94118","07J",9,6,""
"94119","08J",9,6,""
"94120","08J",9,6,""
"94121","05J",9,6,""
"94122","06J",9,6,""
"94123","05J",9,6,""
"94124","05J",9,6,""
"94125","05J",9,6,""
"94126","04J",9,6,""
"94127","05J",9,6,""
"94128","07J",9,6,""
"94129","08J",9,6,""
"94130","08J",9,6,""
"94131","05J",9,6,""
"94132","06J",9,6,""
"94133","05J",9,6,""
"94134","05J",9,6,""
"94135","05J",9,6,""
"94136","04J",9,6,""
"94137","05J",9,6,""
"94138","07J",9,6,""
"94139","08J",9,6,""
"94140","08J",9,6,""
"94141","05J",9,6,""
"94142","06J",9,6,""
"94143","05J",9,6,""
"94144","05J",9,6,""
"94145","05J",9,6,""
"94146","04J",9,6,""
"94147","05J",9,6,""
"94148","07J",9,6,""
"94149","08J",9,6,""
"94150","08J",9,6,""
"94151","05J",9,6,""
"94152","06J",9,6,""
"94153","05J",9,6,""
"94154","05J",9,6,""
"94155","05J",9,6,""
"94156","04J",9,6,""
"94157","05J",9,6,""
"94158","07J",9,6,""
"94159","08J",9,6,""
"94200","22J",9,6,""
"94201","19J",9,6,""
"94202","19J",9,6,""
"94203","20J",9,6,""
"94204","23J",9,6,""
"94205","21J",9,6,""
"94209","22J",9,6,""
"94210","22J",9,6,""
"94211","19J",9,6,""
"94212","19J",9,6,""
"94213","20J",9,6,""
"94214","23J",9,6,""
"94215","21J",9,6,""
"94219","22J",9,6,""
"94220","22J",9,6,""
"94221","19J",9,6,""
"94222","19J",9,6,""
"94223","20J",9,6,""
"94224","23J",9,6,""
"94225","21J",9,6,""
"94229","22J",9,6,""
"94230","22J",9,6,""
"94231","19J",9,6,""
"94232","19J",9,6,""
"94233","20J",9,6,""
"94234","23J",9,6,""
"94235","21J",9,6,""
"94239","22J",9,6,""
"94240","22J",9,6,""
"94241","19J",9,6,""
"94242","19J",9,6,""
"94243","20J",9,6,""
"94244","23J",9,6,""
"94245","21J",9,6,""
"94249","22J",9,6,""
"94250","22J",9,6,""
"94251","19J",9,6,""
"94252","19J",9,6,""
"94253","20J",9,6,""
"94254","23J",9,6,""
"94255","21J",9,6,""
"94259","22J",9,6,""
"94300","27J",9,6,""
"94301","25J",9,6,""
"94302","25J",9,6,""
"94303","24J",9,6,""
"94304","24J",9,6,""
"94305","24J",9,6,""
"94306","24J",9,6,""
"94309","27J",9,6,""
"94310","27J",9,6,""
"94311","25J",9,6,""
"94312","25J",9,6,""
"94313","24J",9,6,""
"94314","24J",9,6,""
"94315","24J",9,6,""
"94316","24J",9,6,""
"94319","27J",9,6,""
"94320","27J",9,6,""
"94321","25J",9,6,""
"94322","25J",9,6,""
"94323","24J",9,6,""
"94324","24J",9,6,""
"94325","24J",9,6,""
"94326","24J",9,6,""
"94329","27J",9,6,""
"94330","27J",9,6,""
"94331","25J",9,6,""
"94332","25J",9,6,""
"94333","24J",9,6,""
"94334","24J",9,6,""
"94335","24J",9,6,""
"94336","24J",9,6,""
"94339","27J",9,6,""
"94340","27J",9,6,""
"94341","25J",9,6,""
"94342","25J",9,6,""
"94343","24J",9,6,""
"94344","24J",9,6,""
"94345","24J",9,6,""
"94346","24J",9,6,""
"94349","27J",9,6,""
"94350","27J",9,5,""
"94351","25J",9,5,""
"94352","25J",9,5,""
"94353","24J",9,5,""
"94354","24J",9,6,""
"94355","24J",9,6,""
"94356","24J",9,6,""
"94359","27J",9,5,""
"94400","26J",9,6,""
"94401","26J",9,6,""
"94402","26J",9,6,""
"94403","26J",9,6,""
"94404","26J",9,6,""
"94405","26J",9,6,""
"94406","26J",9,6,""
"94407","26J",9,6,""
"94408","26J",9,6,""
"94410","26J",9,6,""
"94411","26J",9,6,""
"94412","26J",9,6,""
"94413","26J",9,6,""
"94414","26J",9,6,""
"94415","26J",9,6,""
"94416","26J",9,6,""
"94417","26J",9,6,""
"94418","26J",9,6,""
"94420","26J",9,6,""
"94421","26J",9,6,""
"94422","26J",9,6,""
"94423","26J",9,6,""
"94424","26J",9,6,""
"94425","26J",9,6,""
"94426","26J",9,6,""
"94427","26J",9,6,""
"94428","26J",9,6,""
"94430","26J",9,6,""
"94431","26J",9,6,""
"94432","26J",9,6,""
"94433","26J",9,6,""
"94434","26J",9,6,""
"94435","26J",9,6,""
"94436","26J",9,6,""
"94437","26J",9,6,""
"94438","26J",9,6,""
"94440","26J",9,6,""
"94441","26J",9,6,""
"94442","26J",9,6,""
"94443","26J",9,6,""
"94444","26J",9,6,""
"94445","26J",9,6,""
"94446","26J",9,6,""
"94447","26J",9,6,""
"94448","26J",9,6,""
"94450","26J",9,5,""
"94451","26J",9,5,""
"94452","26J",9,5,""
"94453","26J",9,5,""
"94454","26J",9,5,""
"94455","26J",9,5,""
"94456","26J",9,5,""
"94457","26J",9,5,""
"94458","26J",9,5,""
"94500","33J",9,6,""
"94501","32J",9,6,""
"94502","32J",9,6,""
"94503","31J",9,6,""
"94504","31J",9,6,""
"94505","30J",9,6,""
"94506","29J",9,6,""
"94509","33J",9,6,""
"94510","33J",9,6,""
"94511","32J",9,6,""
"94512","32J",9,6,""
"94513","31J",9,6,""
"94514","31J",9,6,""
"94515","30J",9,6,""
"94516","29J",9,6,""
"94519","33J",9,6,""
"94520","33J",9,6,""
"94521","32J",9,6,""
"94522","32J",9,6,""
"94523","31J",9,6,""
"94524","31J",9,6,""
"94525","30J",9,6,""
"94526","29J",9,6,""
"94529","33J",9,6,""
"94530","33J",9,6,""
"94531","32J",9,6,""
"94532","32J",9,6,""
"94533","31J",9,6,""
"94534","31J",9,6,""
"94535","30J",9,6,""
"94536","29J",9,6,""
"94539","33J",9,6,""
"94540","33J",9,6,""
"94541","32J",9,6,""
"94542","32J",9,6,""
"94543","31J",9,6,""
"94544","31J",9,6,""
"94545","30J",9,6,""
"94546","29J",9,6,""
"94549","33J",9,6,""
"94550","33J",9,5,""
"94551","32J",9,5,""
"94552","32J",9,5,""
"94553","31J",9,6,""
"94554","31J",9,5,""
"94555","30J",9,6,""
"94556","29J",9,6,""
"94559","33J",9,5,""
"9460","35J",9,6,""
"9461","35J",9,6,""
"9462","35J",9,6,""
"9463","35J",9,6,""
"9464","35J",9,6,""
"9465","35J",9,6,""
"9470","08J",9,6,""
"9471","34J",9,6,""
"9472","34J",9,6,""
"9473","20J",9,6,""
"9474","21J",9,6,""
"9478","35J",9,6,""
"9479","35J",9,6,""
"94800","35J",9,6,""
"94810","35J",9,6,""
"94811","35J",9,6,""
"94820","35J",9,6,""
"94821","35J",9,6,""
"94822","35J",9,6,""
"94830","35J",9,6,""
"94831","35J",9,6,""
"94832","35J",9,6,""
"94833","35J",9,6,""
"94840","35J",9,6,""
"94841","35J",9,6,""
"94842","35J",9,6,""
"94843","35J",9,6,""
"94844","35J",9,6,""
"94850","35J",9,6,""
"94851","35J",9,6,""
"94852","35J",9,6,""
"94853","35J",9,6,""
"94854","35J",9,6,""
"94855","35J",9,6,""
"94860","35J",9,6,""
"94861","35J",9,6,""
"94862","35J",9,6,""
"94863","35J",9,6,""
"94864","35J",9,6,""
"94865","35J",9,6,""
"94866","35J",9,6,""
"94870","35J",9,6,""
"94871","35J",9,6,""
"94872","35J",9,6,""
"94873","35J",9,6,""
"94874","35J",9,6,""
"94875","35J",9,6,""
"94876","35J",9,6,""
"94877","35J",9,6,""
"94880","35J",9,6,""
"94881","35J",9,6,""
"94882","35J",9,6,""
"94883","35J",9,6,""
"94884","35J",9,6,""
"94885","35J",9,6,""
"94886","35J",9,6,""
"94887","35J",9,6,""
"94888","35J",9,6,""
"94890","35J",9,6,""
"94891","35J",9,6,""
"94892","35J",9,6,""
"94893","35J",9,6,""
"94894","35J",9,6,""
"94895","35J",9,6,""
"94896","35J",9,6,""
"94897","35J",9,6,""
"94898","35J",9,6,""
"94899","35J",9,6,""
"9490","35J",9,6,""
"9491","35J",9,6,""
"9492","35J",9,6,""
"9493","35J",9,6,""
"9494","35J",9,6,""
"9495","35J",9,6,""
"9500","06K",2,1,"D"
"9501","01K",2,1,"D"
"9502","01K",2,1,"D"
"9503","01K",1,1,"D"
"9509","06K",2,1,"D"
"9510","04K",2,1,"D"
"9511","04K",2,1,"D"
"9512","04K",2,1,"D"
"9513","04K",2,1,"D"
"9514","04K",2,1,"D"
"9515","04K",2,1,"D"
"9516","04K",2,1,"D"
"9517","04K",2,1,"D"
"9518","04K",2,1,"D"
"9519","04K",2,1,"D"
"95200","09D",3,1,"A"
"95201","09D",6,1,"A"
"95202","09D",4,1,"A"
"95203","09D",4,1,"A"
"95204","09D",4,1,"A"
"95205","09D",3,1,"A"
"95206","09D",5,1,"A"
"95207","09D",4,1,"A"
"95208","09D",4,1,"A"
"95209","09D",4,1,"A"
"95210","10D",3,3,"A"
"95211","10D",5,3,"A"
"95212","10D",4,3,"A"
"95213","10D",4,3,"A"
"95214","10D",5,3,"A"
"95215","10D",3,3,"A"
"95216","10D",5,3,"A"
"95217","10D",4,3,"A"
"95218","10D",4,3,"A"
"95219","10D",4,3,"A"
"9522","11D",3,4,"A"
"9523","12D",3,4,"A"
"9524","12D",3,4,"A"
"9528","13D",3,4,"A"
"9529","13D",3,4,"A"
"9530","07K",2,1,"D"
"9531","19K",2,3,"D"
"9532","20K",2,4,"D"
"9533","21K",2,4,"D"
"9534","27K",2,1,"D"
"9535","20K",2,4,"D"
"9538","34K",2,1,"D"
"9539","35K",2,1,"D"
"9540","07K",2,1,"D"
"9541","22K",2,4,"D"
"9548","22K",2,4,"D"
"9549","22K",2,4,"D"
"9550","27K",2,5,"D"
"9551","27K",2,5,"D"
"9552","27K",2,5,"D"
"9553","27K",2,5,"D"
"9554","27K",2,5,"D"
"9555","27K",2,5,"D"
"9556","27K",1,5,"D"
"9557","27K",2,5,"D"
"9558","27K",2,5,"D"
"9559","27K",1,5,"D"
"9560","34K",2,5,"D"
"9561","34K",2,5,"D"
"9562","34K",2,5,"D"
"9563","34K",2,5,"D"
"9564","34K",2,5,"D"
"9565","34K",2,5,"D"
"9568","34K",2,5,"D"
"9569","34K",2,5,"D"
"9570","08K",2,1,"D"
"9571","35K",2,1,"D"
"9578","35K",1,1,"D"
"9579","35K",2,1,"D"
"95901","04L",2,1,"D"
"95909","08L",1,2,"D"
"9591","22L",1,6,"D"
"95911","19L",1,3,"D"
"95912","20L",1,4,"D"
"95913","21L",1,4,"D"
"95914","21L",1,4,"D"
"95919","22L",1,6,"D"
"9592","24L",1,5,"D"
"9593","27L",1,5,"D"
"9594","26L",2,5,"D"
"9595","26L",1,5,"D"
"9596","33L",1,5,"D"
"9597","33L",1,5,"D"
"9598","35L",1,6,"D"
"9599","35L",1,6,"D"
