"dx","mechmaj","mechmin","intent"
"U010","Other specified, classifiable",NA,"Assault"
"U011","Transport, other",NA,"Assault"
"U012","Other specified, classifiable",NA,"Assault"
"U013","Fire/burn",NA,"Assault"
"U014","Firearm",NA,"Assault"
"U015","Other specified, classifiable",NA,"Assault"
"U016","Poisoning",NA,"Assault"
"U017","Poisoning",NA,"Assault"
"U018","Other specified, not elsewhere classifiable",NA,"Assault"
"U019","Unspecified",NA,"Assault"
"U02","Other specified, not elsewhere classifiable",NA,"Assault"
"U030","Other specified, classifiable",NA,"Self-inflicted"
"U039","Unspecified",NA,"Self-inflicted"
"V01","Pedestrian, other",NA,"Unintentional"
"V020","Pedestrian, other",NA,"Unintentional"
"V021","Motor vehicle traffic","Pedestrian","Unintentional"
"V029","Motor vehicle traffic","Pedestrian","Unintentional"
"V030","Pedestrian, other",NA,"Unintentional"
"V031","Motor vehicle traffic","Pedestrian","Unintentional"
"V039","Motor vehicle traffic","Pedestrian","Unintentional"
"V040","Pedestrian, other",NA,"Unintentional"
"V041","Motor vehicle traffic","Pedestrian","Unintentional"
"V049","Motor vehicle traffic","Pedestrian","Unintentional"
"V05","Pedestrian, other",NA,"Unintentional"
"V06","Pedestrian, other",NA,"Unintentional"
"V090","Pedestrian, other",NA,"Unintentional"
"V091","Pedestrian, other",NA,"Unintentional"
"V092","Motor vehicle traffic","Pedestrian","Unintentional"
"V093","Pedestrian, other",NA,"Unintentional"
"V099","Pedestrian, other",NA,"Unintentional"
"V10","Pedal cyclist, other",NA,"Unintentional"
"V11","Pedal cyclist, other",NA,"Unintentional"
"V120","Pedal cyclist, other",NA,"Unintentional"
"V121","Pedal cyclist, other",NA,"Unintentional"
"V122","Pedal cyclist, other",NA,"Unintentional"
"V123","Motor vehicle traffic","Pedal cyclist","Unintentional"
"V124","Motor vehicle traffic","Pedal cyclist","Unintentional"
"V125","Motor vehicle traffic","Pedal cyclist","Unintentional"
"V126","Motor vehicle traffic","Pedal cyclist","Unintentional"
"V127","Motor vehicle traffic","Pedal cyclist","Unintentional"
"V128","Motor vehicle traffic","Pedal cyclist","Unintentional"
"V129","Motor vehicle traffic","Pedal cyclist","Unintentional"
"V130","Pedal cyclist, other",NA,"Unintentional"
"V131","Pedal cyclist, other",NA,"Unintentional"
"V132","Pedal cyclist, other",NA,"Unintentional"
"V133","Motor vehicle traffic","Pedal cyclist","Unintentional"
"V134","Motor vehicle traffic","Pedal cyclist","Unintentional"
"V135","Motor vehicle traffic","Pedal cyclist","Unintentional"
"V136","Motor vehicle traffic","Pedal cyclist","Unintentional"
"V137","Motor vehicle traffic","Pedal cyclist","Unintentional"
"V138","Motor vehicle traffic","Pedal cyclist","Unintentional"
"V139","Motor vehicle traffic","Pedal cyclist","Unintentional"
"V140","Pedal cyclist, other",NA,"Unintentional"
"V141","Pedal cyclist, other",NA,"Unintentional"
"V142","Pedal cyclist, other",NA,"Unintentional"
"V143","Motor vehicle traffic","Pedal cyclist","Unintentional"
"V144","Motor vehicle traffic","Pedal cyclist","Unintentional"
"V145","Motor vehicle traffic","Pedal cyclist","Unintentional"
"V146","Motor vehicle traffic","Pedal cyclist","Unintentional"
"V147","Motor vehicle traffic","Pedal cyclist","Unintentional"
"V148","Motor vehicle traffic","Pedal cyclist","Unintentional"
"V149","Motor vehicle traffic","Pedal cyclist","Unintentional"
"V15","Pedal cyclist, other",NA,"Unintentional"
"V16","Pedal cyclist, other",NA,"Unintentional"
"V17","Pedal cyclist, other",NA,"Unintentional"
"V18","Pedal cyclist, other",NA,"Unintentional"
"V190","Pedal cyclist, other",NA,"Unintentional"
"V191","Pedal cyclist, other",NA,"Unintentional"
"V192","Pedal cyclist, other",NA,"Unintentional"
"V193","Pedal cyclist, other",NA,"Unintentional"
"V194","Motor vehicle traffic","Pedal cyclist","Unintentional"
"V195","Motor vehicle traffic","Pedal cyclist","Unintentional"
"V196","Motor vehicle traffic","Pedal cyclist","Unintentional"
"V198","Pedal cyclist, other",NA,"Unintentional"
"V199","Pedal cyclist, other",NA,"Unintentional"
"V200","Transport, other",NA,"Unintentional"
"V201","Transport, other",NA,"Unintentional"
"V202","Transport, other",NA,"Unintentional"
"V203","Motor vehicle traffic","Motorcyclist","Unintentional"
"V204","Motor vehicle traffic","Motorcyclist","Unintentional"
"V205","Motor vehicle traffic","Motorcyclist","Unintentional"
"V206","Motor vehicle traffic","Motorcyclist","Unintentional"
"V207","Motor vehicle traffic","Motorcyclist","Unintentional"
"V208","Motor vehicle traffic","Motorcyclist","Unintentional"
"V209","Motor vehicle traffic","Motorcyclist","Unintentional"
"V210","Transport, other",NA,"Unintentional"
"V211","Transport, other",NA,"Unintentional"
"V212","Transport, other",NA,"Unintentional"
"V213","Motor vehicle traffic","Motorcyclist","Unintentional"
"V214","Motor vehicle traffic","Motorcyclist","Unintentional"
"V215","Motor vehicle traffic","Motorcyclist","Unintentional"
"V216","Motor vehicle traffic","Motorcyclist","Unintentional"
"V217","Motor vehicle traffic","Motorcyclist","Unintentional"
"V218","Motor vehicle traffic","Motorcyclist","Unintentional"
"V219","Motor vehicle traffic","Motorcyclist","Unintentional"
"V220","Transport, other",NA,"Unintentional"
"V221","Transport, other",NA,"Unintentional"
"V222","Transport, other",NA,"Unintentional"
"V223","Motor vehicle traffic","Motorcyclist","Unintentional"
"V224","Motor vehicle traffic","Motorcyclist","Unintentional"
"V225","Motor vehicle traffic","Motorcyclist","Unintentional"
"V226","Motor vehicle traffic","Motorcyclist","Unintentional"
"V227","Motor vehicle traffic","Motorcyclist","Unintentional"
"V228","Motor vehicle traffic","Motorcyclist","Unintentional"
"V229","Motor vehicle traffic","Motorcyclist","Unintentional"
"V230","Transport, other",NA,"Unintentional"
"V231","Transport, other",NA,"Unintentional"
"V232","Transport, other",NA,"Unintentional"
"V233","Motor vehicle traffic","Motorcyclist","Unintentional"
"V234","Motor vehicle traffic","Motorcyclist","Unintentional"
"V235","Motor vehicle traffic","Motorcyclist","Unintentional"
"V236","Motor vehicle traffic","Motorcyclist","Unintentional"
"V237","Motor vehicle traffic","Motorcyclist","Unintentional"
"V238","Motor vehicle traffic","Motorcyclist","Unintentional"
"V239","Motor vehicle traffic","Motorcyclist","Unintentional"
"V240","Transport, other",NA,"Unintentional"
"V241","Transport, other",NA,"Unintentional"
"V242","Transport, other",NA,"Unintentional"
"V243","Motor vehicle traffic","Motorcyclist","Unintentional"
"V244","Motor vehicle traffic","Motorcyclist","Unintentional"
"V245","Motor vehicle traffic","Motorcyclist","Unintentional"
"V246","Motor vehicle traffic","Motorcyclist","Unintentional"
"V247","Motor vehicle traffic","Motorcyclist","Unintentional"
"V248","Motor vehicle traffic","Motorcyclist","Unintentional"
"V249","Motor vehicle traffic","Motorcyclist","Unintentional"
"V250","Transport, other",NA,"Unintentional"
"V251","Transport, other",NA,"Unintentional"
"V252","Transport, other",NA,"Unintentional"
"V253","Motor vehicle traffic","Motorcyclist","Unintentional"
"V254","Motor vehicle traffic","Motorcyclist","Unintentional"
"V255","Motor vehicle traffic","Motorcyclist","Unintentional"
"V256","Motor vehicle traffic","Motorcyclist","Unintentional"
"V257","Motor vehicle traffic","Motorcyclist","Unintentional"
"V258","Motor vehicle traffic","Motorcyclist","Unintentional"
"V259","Motor vehicle traffic","Motorcyclist","Unintentional"
"V260","Transport, other",NA,"Unintentional"
"V261","Transport, other",NA,"Unintentional"
"V262","Transport, other",NA,"Unintentional"
"V263","Motor vehicle traffic","Motorcyclist","Unintentional"
"V264","Motor vehicle traffic","Motorcyclist","Unintentional"
"V265","Motor vehicle traffic","Motorcyclist","Unintentional"
"V266","Motor vehicle traffic","Motorcyclist","Unintentional"
"V267","Motor vehicle traffic","Motorcyclist","Unintentional"
"V268","Motor vehicle traffic","Motorcyclist","Unintentional"
"V269","Motor vehicle traffic","Motorcyclist","Unintentional"
"V270","Transport, other",NA,"Unintentional"
"V271","Transport, other",NA,"Unintentional"
"V272","Transport, other",NA,"Unintentional"
"V273","Motor vehicle traffic","Motorcyclist","Unintentional"
"V274","Motor vehicle traffic","Motorcyclist","Unintentional"
"V275","Motor vehicle traffic","Motorcyclist","Unintentional"
"V276","Motor vehicle traffic","Motorcyclist","Unintentional"
"V277","Motor vehicle traffic","Motorcyclist","Unintentional"
"V278","Motor vehicle traffic","Motorcyclist","Unintentional"
"V279","Motor vehicle traffic","Motorcyclist","Unintentional"
"V280","Transport, other",NA,"Unintentional"
"V281","Transport, other",NA,"Unintentional"
"V282","Transport, other",NA,"Unintentional"
"V283","Motor vehicle traffic","Motorcyclist","Unintentional"
"V284","Motor vehicle traffic","Motorcyclist","Unintentional"
"V285","Motor vehicle traffic","Motorcyclist","Unintentional"
"V286","Motor vehicle traffic","Motorcyclist","Unintentional"
"V287","Motor vehicle traffic","Motorcyclist","Unintentional"
"V288","Motor vehicle traffic","Motorcyclist","Unintentional"
"V289","Motor vehicle traffic","Motorcyclist","Unintentional"
"V290","Transport, other",NA,"Unintentional"
"V291","Transport, other",NA,"Unintentional"
"V292","Transport, other",NA,"Unintentional"
"V293","Transport, other",NA,"Unintentional"
"V294","Motor vehicle traffic","Motorcyclist","Unintentional"
"V295","Motor vehicle traffic","Motorcyclist","Unintentional"
"V296","Motor vehicle traffic","Motorcyclist","Unintentional"
"V297","Motor vehicle traffic","Motorcyclist","Unintentional"
"V298","Motor vehicle traffic","Motorcyclist","Unintentional"
"V299","Motor vehicle traffic","Motorcyclist","Unintentional"
"V300","Transport, other",NA,"Unintentional"
"V301","Transport, other",NA,"Unintentional"
"V302","Transport, other",NA,"Unintentional"
"V303","Transport, other",NA,"Unintentional"
"V304","Motor vehicle traffic","Occupant","Unintentional"
"V305","Motor vehicle traffic","Occupant","Unintentional"
"V306","Motor vehicle traffic","Occupant","Unintentional"
"V307","Motor vehicle traffic","Occupant","Unintentional"
"V308","Motor vehicle traffic","Occupant","Unintentional"
"V309","Motor vehicle traffic","Occupant","Unintentional"
"V310","Transport, other",NA,"Unintentional"
"V311","Transport, other",NA,"Unintentional"
"V312","Transport, other",NA,"Unintentional"
"V313","Transport, other",NA,"Unintentional"
"V314","Motor vehicle traffic","Occupant","Unintentional"
"V315","Motor vehicle traffic","Occupant","Unintentional"
"V316","Motor vehicle traffic","Occupant","Unintentional"
"V317","Motor vehicle traffic","Occupant","Unintentional"
"V318","Motor vehicle traffic","Occupant","Unintentional"
"V319","Motor vehicle traffic","Occupant","Unintentional"
"V320","Transport, other",NA,"Unintentional"
"V321","Transport, other",NA,"Unintentional"
"V322","Transport, other",NA,"Unintentional"
"V323","Transport, other",NA,"Unintentional"
"V324","Motor vehicle traffic","Occupant","Unintentional"
"V325","Motor vehicle traffic","Occupant","Unintentional"
"V326","Motor vehicle traffic","Occupant","Unintentional"
"V327","Motor vehicle traffic","Occupant","Unintentional"
"V328","Motor vehicle traffic","Occupant","Unintentional"
"V329","Motor vehicle traffic","Occupant","Unintentional"
"V330","Transport, other",NA,"Unintentional"
"V331","Transport, other",NA,"Unintentional"
"V332","Transport, other",NA,"Unintentional"
"V333","Transport, other",NA,"Unintentional"
"V334","Motor vehicle traffic","Occupant","Unintentional"
"V335","Motor vehicle traffic","Occupant","Unintentional"
"V336","Motor vehicle traffic","Occupant","Unintentional"
"V337","Motor vehicle traffic","Occupant","Unintentional"
"V338","Motor vehicle traffic","Occupant","Unintentional"
"V339","Motor vehicle traffic","Occupant","Unintentional"
"V340","Transport, other",NA,"Unintentional"
"V341","Transport, other",NA,"Unintentional"
"V342","Transport, other",NA,"Unintentional"
"V343","Transport, other",NA,"Unintentional"
"V344","Motor vehicle traffic","Occupant","Unintentional"
"V345","Motor vehicle traffic","Occupant","Unintentional"
"V346","Motor vehicle traffic","Occupant","Unintentional"
"V347","Motor vehicle traffic","Occupant","Unintentional"
"V348","Motor vehicle traffic","Occupant","Unintentional"
"V349","Motor vehicle traffic","Occupant","Unintentional"
"V350","Transport, other",NA,"Unintentional"
"V351","Transport, other",NA,"Unintentional"
"V352","Transport, other",NA,"Unintentional"
"V353","Transport, other",NA,"Unintentional"
"V354","Motor vehicle traffic","Occupant","Unintentional"
"V355","Motor vehicle traffic","Occupant","Unintentional"
"V356","Motor vehicle traffic","Occupant","Unintentional"
"V357","Motor vehicle traffic","Occupant","Unintentional"
"V358","Motor vehicle traffic","Occupant","Unintentional"
"V359","Motor vehicle traffic","Occupant","Unintentional"
"V360","Transport, other",NA,"Unintentional"
"V361","Transport, other",NA,"Unintentional"
"V362","Transport, other",NA,"Unintentional"
"V363","Transport, other",NA,"Unintentional"
"V364","Motor vehicle traffic","Occupant","Unintentional"
"V365","Motor vehicle traffic","Occupant","Unintentional"
"V366","Motor vehicle traffic","Occupant","Unintentional"
"V367","Motor vehicle traffic","Occupant","Unintentional"
"V368","Motor vehicle traffic","Occupant","Unintentional"
"V369","Motor vehicle traffic","Occupant","Unintentional"
"V370","Transport, other",NA,"Unintentional"
"V371","Transport, other",NA,"Unintentional"
"V372","Transport, other",NA,"Unintentional"
"V373","Transport, other",NA,"Unintentional"
"V374","Motor vehicle traffic","Occupant","Unintentional"
"V375","Motor vehicle traffic","Occupant","Unintentional"
"V376","Motor vehicle traffic","Occupant","Unintentional"
"V377","Motor vehicle traffic","Occupant","Unintentional"
"V378","Motor vehicle traffic","Occupant","Unintentional"
"V379","Motor vehicle traffic","Occupant","Unintentional"
"V380","Transport, other",NA,"Unintentional"
"V381","Transport, other",NA,"Unintentional"
"V382","Transport, other",NA,"Unintentional"
"V383","Transport, other",NA,"Unintentional"
"V384","Motor vehicle traffic","Occupant","Unintentional"
"V385","Motor vehicle traffic","Occupant","Unintentional"
"V386","Motor vehicle traffic","Occupant","Unintentional"
"V387","Motor vehicle traffic","Occupant","Unintentional"
"V388","Motor vehicle traffic","Occupant","Unintentional"
"V389","Motor vehicle traffic","Occupant","Unintentional"
"V390","Transport, other",NA,"Unintentional"
"V391","Transport, other",NA,"Unintentional"
"V392","Transport, other",NA,"Unintentional"
"V393","Transport, other",NA,"Unintentional"
"V394","Motor vehicle traffic","Occupant","Unintentional"
"V395","Motor vehicle traffic","Occupant","Unintentional"
"V396","Motor vehicle traffic","Occupant","Unintentional"
"V397","Motor vehicle traffic","Occupant","Unintentional"
"V398","Motor vehicle traffic","Occupant","Unintentional"
"V399","Motor vehicle traffic","Occupant","Unintentional"
"V400","Transport, other",NA,"Unintentional"
"V401","Transport, other",NA,"Unintentional"
"V402","Transport, other",NA,"Unintentional"
"V403","Transport, other",NA,"Unintentional"
"V404","Motor vehicle traffic","Occupant","Unintentional"
"V405","Motor vehicle traffic","Occupant","Unintentional"
"V406","Motor vehicle traffic","Occupant","Unintentional"
"V407","Motor vehicle traffic","Occupant","Unintentional"
"V408","Motor vehicle traffic","Occupant","Unintentional"
"V409","Motor vehicle traffic","Occupant","Unintentional"
"V410","Transport, other",NA,"Unintentional"
"V411","Transport, other",NA,"Unintentional"
"V412","Transport, other",NA,"Unintentional"
"V413","Transport, other",NA,"Unintentional"
"V414","Motor vehicle traffic","Occupant","Unintentional"
"V415","Motor vehicle traffic","Occupant","Unintentional"
"V416","Motor vehicle traffic","Occupant","Unintentional"
"V417","Motor vehicle traffic","Occupant","Unintentional"
"V418","Motor vehicle traffic","Occupant","Unintentional"
"V419","Motor vehicle traffic","Occupant","Unintentional"
"V420","Transport, other",NA,"Unintentional"
"V421","Transport, other",NA,"Unintentional"
"V422","Transport, other",NA,"Unintentional"
"V423","Transport, other",NA,"Unintentional"
"V424","Motor vehicle traffic","Occupant","Unintentional"
"V425","Motor vehicle traffic","Occupant","Unintentional"
"V426","Motor vehicle traffic","Occupant","Unintentional"
"V427","Motor vehicle traffic","Occupant","Unintentional"
"V428","Motor vehicle traffic","Occupant","Unintentional"
"V429","Motor vehicle traffic","Occupant","Unintentional"
"V430","Transport, other",NA,"Unintentional"
"V431","Transport, other",NA,"Unintentional"
"V432","Transport, other",NA,"Unintentional"
"V433","Transport, other",NA,"Unintentional"
"V434","Motor vehicle traffic","Occupant","Unintentional"
"V435","Motor vehicle traffic","Occupant","Unintentional"
"V436","Motor vehicle traffic","Occupant","Unintentional"
"V437","Motor vehicle traffic","Occupant","Unintentional"
"V438","Motor vehicle traffic","Occupant","Unintentional"
"V439","Motor vehicle traffic","Occupant","Unintentional"
"V440","Transport, other",NA,"Unintentional"
"V441","Transport, other",NA,"Unintentional"
"V442","Transport, other",NA,"Unintentional"
"V443","Transport, other",NA,"Unintentional"
"V444","Motor vehicle traffic","Occupant","Unintentional"
"V445","Motor vehicle traffic","Occupant","Unintentional"
"V446","Motor vehicle traffic","Occupant","Unintentional"
"V447","Motor vehicle traffic","Occupant","Unintentional"
"V448","Motor vehicle traffic","Occupant","Unintentional"
"V449","Motor vehicle traffic","Occupant","Unintentional"
"V450","Transport, other",NA,"Unintentional"
"V451","Transport, other",NA,"Unintentional"
"V452","Transport, other",NA,"Unintentional"
"V453","Transport, other",NA,"Unintentional"
"V454","Motor vehicle traffic","Occupant","Unintentional"
"V455","Motor vehicle traffic","Occupant","Unintentional"
"V456","Motor vehicle traffic","Occupant","Unintentional"
"V457","Motor vehicle traffic","Occupant","Unintentional"
"V458","Motor vehicle traffic","Occupant","Unintentional"
"V459","Motor vehicle traffic","Occupant","Unintentional"
"V460","Transport, other",NA,"Unintentional"
"V461","Transport, other",NA,"Unintentional"
"V462","Transport, other",NA,"Unintentional"
"V463","Transport, other",NA,"Unintentional"
"V464","Motor vehicle traffic","Occupant","Unintentional"
"V465","Motor vehicle traffic","Occupant","Unintentional"
"V466","Motor vehicle traffic","Occupant","Unintentional"
"V467","Motor vehicle traffic","Occupant","Unintentional"
"V468","Motor vehicle traffic","Occupant","Unintentional"
"V469","Motor vehicle traffic","Occupant","Unintentional"
"V470","Transport, other",NA,"Unintentional"
"V471","Transport, other",NA,"Unintentional"
"V472","Transport, other",NA,"Unintentional"
"V473","Transport, other",NA,"Unintentional"
"V474","Motor vehicle traffic","Occupant","Unintentional"
"V475","Motor vehicle traffic","Occupant","Unintentional"
"V476","Motor vehicle traffic","Occupant","Unintentional"
"V477","Motor vehicle traffic","Occupant","Unintentional"
"V478","Motor vehicle traffic","Occupant","Unintentional"
"V479","Motor vehicle traffic","Occupant","Unintentional"
"V480","Transport, other",NA,"Unintentional"
"V481","Transport, other",NA,"Unintentional"
"V482","Transport, other",NA,"Unintentional"
"V483","Transport, other",NA,"Unintentional"
"V484","Motor vehicle traffic","Occupant","Unintentional"
"V485","Motor vehicle traffic","Occupant","Unintentional"
"V486","Motor vehicle traffic","Occupant","Unintentional"
"V487","Motor vehicle traffic","Occupant","Unintentional"
"V488","Motor vehicle traffic","Occupant","Unintentional"
"V489","Motor vehicle traffic","Occupant","Unintentional"
"V490","Transport, other",NA,"Unintentional"
"V491","Transport, other",NA,"Unintentional"
"V492","Transport, other",NA,"Unintentional"
"V493","Transport, other",NA,"Unintentional"
"V494","Motor vehicle traffic","Occupant","Unintentional"
"V495","Motor vehicle traffic","Occupant","Unintentional"
"V496","Motor vehicle traffic","Occupant","Unintentional"
"V497","Motor vehicle traffic","Occupant","Unintentional"
"V498","Motor vehicle traffic","Occupant","Unintentional"
"V499","Motor vehicle traffic","Occupant","Unintentional"
"V500","Transport, other",NA,"Unintentional"
"V501","Transport, other",NA,"Unintentional"
"V502","Transport, other",NA,"Unintentional"
"V503","Transport, other",NA,"Unintentional"
"V504","Motor vehicle traffic","Occupant","Unintentional"
"V505","Motor vehicle traffic","Occupant","Unintentional"
"V506","Motor vehicle traffic","Occupant","Unintentional"
"V507","Motor vehicle traffic","Occupant","Unintentional"
"V508","Motor vehicle traffic","Occupant","Unintentional"
"V509","Motor vehicle traffic","Occupant","Unintentional"
"V510","Transport, other",NA,"Unintentional"
"V511","Transport, other",NA,"Unintentional"
"V512","Transport, other",NA,"Unintentional"
"V513","Transport, other",NA,"Unintentional"
"V514","Motor vehicle traffic","Occupant","Unintentional"
"V515","Motor vehicle traffic","Occupant","Unintentional"
"V516","Motor vehicle traffic","Occupant","Unintentional"
"V517","Motor vehicle traffic","Occupant","Unintentional"
"V518","Motor vehicle traffic","Occupant","Unintentional"
"V519","Motor vehicle traffic","Occupant","Unintentional"
"V520","Transport, other",NA,"Unintentional"
"V521","Transport, other",NA,"Unintentional"
"V522","Transport, other",NA,"Unintentional"
"V523","Transport, other",NA,"Unintentional"
"V524","Motor vehicle traffic","Occupant","Unintentional"
"V525","Motor vehicle traffic","Occupant","Unintentional"
"V526","Motor vehicle traffic","Occupant","Unintentional"
"V527","Motor vehicle traffic","Occupant","Unintentional"
"V528","Motor vehicle traffic","Occupant","Unintentional"
"V529","Motor vehicle traffic","Occupant","Unintentional"
"V530","Transport, other",NA,"Unintentional"
"V531","Transport, other",NA,"Unintentional"
"V532","Transport, other",NA,"Unintentional"
"V533","Transport, other",NA,"Unintentional"
"V534","Motor vehicle traffic","Occupant","Unintentional"
"V535","Motor vehicle traffic","Occupant","Unintentional"
"V536","Motor vehicle traffic","Occupant","Unintentional"
"V537","Motor vehicle traffic","Occupant","Unintentional"
"V538","Motor vehicle traffic","Occupant","Unintentional"
"V539","Motor vehicle traffic","Occupant","Unintentional"
"V540","Transport, other",NA,"Unintentional"
"V541","Transport, other",NA,"Unintentional"
"V542","Transport, other",NA,"Unintentional"
"V543","Transport, other",NA,"Unintentional"
"V544","Motor vehicle traffic","Occupant","Unintentional"
"V545","Motor vehicle traffic","Occupant","Unintentional"
"V546","Motor vehicle traffic","Occupant","Unintentional"
"V547","Motor vehicle traffic","Occupant","Unintentional"
"V548","Motor vehicle traffic","Occupant","Unintentional"
"V549","Motor vehicle traffic","Occupant","Unintentional"
"V550","Transport, other",NA,"Unintentional"
"V551","Transport, other",NA,"Unintentional"
"V552","Transport, other",NA,"Unintentional"
"V553","Transport, other",NA,"Unintentional"
"V554","Motor vehicle traffic","Occupant","Unintentional"
"V555","Motor vehicle traffic","Occupant","Unintentional"
"V556","Motor vehicle traffic","Occupant","Unintentional"
"V557","Motor vehicle traffic","Occupant","Unintentional"
"V558","Motor vehicle traffic","Occupant","Unintentional"
"V559","Motor vehicle traffic","Occupant","Unintentional"
"V560","Transport, other",NA,"Unintentional"
"V561","Transport, other",NA,"Unintentional"
"V562","Transport, other",NA,"Unintentional"
"V563","Transport, other",NA,"Unintentional"
"V564","Motor vehicle traffic","Occupant","Unintentional"
"V565","Motor vehicle traffic","Occupant","Unintentional"
"V566","Motor vehicle traffic","Occupant","Unintentional"
"V567","Motor vehicle traffic","Occupant","Unintentional"
"V568","Motor vehicle traffic","Occupant","Unintentional"
"V569","Motor vehicle traffic","Occupant","Unintentional"
"V570","Transport, other",NA,"Unintentional"
"V571","Transport, other",NA,"Unintentional"
"V572","Transport, other",NA,"Unintentional"
"V573","Transport, other",NA,"Unintentional"
"V574","Motor vehicle traffic","Occupant","Unintentional"
"V575","Motor vehicle traffic","Occupant","Unintentional"
"V576","Motor vehicle traffic","Occupant","Unintentional"
"V577","Motor vehicle traffic","Occupant","Unintentional"
"V578","Motor vehicle traffic","Occupant","Unintentional"
"V579","Motor vehicle traffic","Occupant","Unintentional"
"V580","Transport, other",NA,"Unintentional"
"V581","Transport, other",NA,"Unintentional"
"V582","Transport, other",NA,"Unintentional"
"V583","Transport, other",NA,"Unintentional"
"V584","Motor vehicle traffic","Occupant","Unintentional"
"V585","Motor vehicle traffic","Occupant","Unintentional"
"V586","Motor vehicle traffic","Occupant","Unintentional"
"V587","Motor vehicle traffic","Occupant","Unintentional"
"V588","Motor vehicle traffic","Occupant","Unintentional"
"V589","Motor vehicle traffic","Occupant","Unintentional"
"V590","Transport, other",NA,"Unintentional"
"V591","Transport, other",NA,"Unintentional"
"V592","Transport, other",NA,"Unintentional"
"V593","Transport, other",NA,"Unintentional"
"V594","Motor vehicle traffic","Occupant","Unintentional"
"V595","Motor vehicle traffic","Occupant","Unintentional"
"V596","Motor vehicle traffic","Occupant","Unintentional"
"V597","Motor vehicle traffic","Occupant","Unintentional"
"V598","Motor vehicle traffic","Occupant","Unintentional"
"V599","Motor vehicle traffic","Occupant","Unintentional"
"V600","Transport, other",NA,"Unintentional"
"V601","Transport, other",NA,"Unintentional"
"V602","Transport, other",NA,"Unintentional"
"V603","Transport, other",NA,"Unintentional"
"V604","Motor vehicle traffic","Occupant","Unintentional"
"V605","Motor vehicle traffic","Occupant","Unintentional"
"V606","Motor vehicle traffic","Occupant","Unintentional"
"V607","Motor vehicle traffic","Occupant","Unintentional"
"V608","Motor vehicle traffic","Occupant","Unintentional"
"V609","Motor vehicle traffic","Occupant","Unintentional"
"V610","Transport, other",NA,"Unintentional"
"V611","Transport, other",NA,"Unintentional"
"V612","Transport, other",NA,"Unintentional"
"V613","Transport, other",NA,"Unintentional"
"V614","Motor vehicle traffic","Occupant","Unintentional"
"V615","Motor vehicle traffic","Occupant","Unintentional"
"V616","Motor vehicle traffic","Occupant","Unintentional"
"V617","Motor vehicle traffic","Occupant","Unintentional"
"V618","Motor vehicle traffic","Occupant","Unintentional"
"V619","Motor vehicle traffic","Occupant","Unintentional"
"V620","Transport, other",NA,"Unintentional"
"V621","Transport, other",NA,"Unintentional"
"V622","Transport, other",NA,"Unintentional"
"V623","Transport, other",NA,"Unintentional"
"V624","Motor vehicle traffic","Occupant","Unintentional"
"V625","Motor vehicle traffic","Occupant","Unintentional"
"V626","Motor vehicle traffic","Occupant","Unintentional"
"V627","Motor vehicle traffic","Occupant","Unintentional"
"V628","Motor vehicle traffic","Occupant","Unintentional"
"V629","Motor vehicle traffic","Occupant","Unintentional"
"V630","Transport, other",NA,"Unintentional"
"V631","Transport, other",NA,"Unintentional"
"V632","Transport, other",NA,"Unintentional"
"V633","Transport, other",NA,"Unintentional"
"V634","Motor vehicle traffic","Occupant","Unintentional"
"V635","Motor vehicle traffic","Occupant","Unintentional"
"V636","Motor vehicle traffic","Occupant","Unintentional"
"V637","Motor vehicle traffic","Occupant","Unintentional"
"V638","Motor vehicle traffic","Occupant","Unintentional"
"V639","Motor vehicle traffic","Occupant","Unintentional"
"V640","Transport, other",NA,"Unintentional"
"V641","Transport, other",NA,"Unintentional"
"V642","Transport, other",NA,"Unintentional"
"V643","Transport, other",NA,"Unintentional"
"V644","Motor vehicle traffic","Occupant","Unintentional"
"V645","Motor vehicle traffic","Occupant","Unintentional"
"V646","Motor vehicle traffic","Occupant","Unintentional"
"V647","Motor vehicle traffic","Occupant","Unintentional"
"V648","Motor vehicle traffic","Occupant","Unintentional"
"V649","Motor vehicle traffic","Occupant","Unintentional"
"V650","Transport, other",NA,"Unintentional"
"V651","Transport, other",NA,"Unintentional"
"V652","Transport, other",NA,"Unintentional"
"V653","Transport, other",NA,"Unintentional"
"V654","Motor vehicle traffic","Occupant","Unintentional"
"V655","Motor vehicle traffic","Occupant","Unintentional"
"V656","Motor vehicle traffic","Occupant","Unintentional"
"V657","Motor vehicle traffic","Occupant","Unintentional"
"V658","Motor vehicle traffic","Occupant","Unintentional"
"V659","Motor vehicle traffic","Occupant","Unintentional"
"V660","Transport, other",NA,"Unintentional"
"V661","Transport, other",NA,"Unintentional"
"V662","Transport, other",NA,"Unintentional"
"V663","Transport, other",NA,"Unintentional"
"V664","Motor vehicle traffic","Occupant","Unintentional"
"V665","Motor vehicle traffic","Occupant","Unintentional"
"V666","Motor vehicle traffic","Occupant","Unintentional"
"V667","Motor vehicle traffic","Occupant","Unintentional"
"V668","Motor vehicle traffic","Occupant","Unintentional"
"V669","Motor vehicle traffic","Occupant","Unintentional"
"V670","Transport, other",NA,"Unintentional"
"V671","Transport, other",NA,"Unintentional"
"V672","Transport, other",NA,"Unintentional"
"V673","Transport, other",NA,"Unintentional"
"V674","Motor vehicle traffic","Occupant","Unintentional"
"V675","Motor vehicle traffic","Occupant","Unintentional"
"V676","Motor vehicle traffic","Occupant","Unintentional"
"V677","Motor vehicle traffic","Occupant","Unintentional"
"V678","Motor vehicle traffic","Occupant","Unintentional"
"V679","Motor vehicle traffic","Occupant","Unintentional"
"V680","Transport, other",NA,"Unintentional"
"V681","Transport, other",NA,"Unintentional"
"V682","Transport, other",NA,"Unintentional"
"V683","Transport, other",NA,"Unintentional"
"V684","Motor vehicle traffic","Occupant","Unintentional"
"V685","Motor vehicle traffic","Occupant","Unintentional"
"V686","Motor vehicle traffic","Occupant","Unintentional"
"V687","Motor vehicle traffic","Occupant","Unintentional"
"V688","Motor vehicle traffic","Occupant","Unintentional"
"V689","Motor vehicle traffic","Occupant","Unintentional"
"V690","Transport, other",NA,"Unintentional"
"V691","Transport, other",NA,"Unintentional"
"V692","Transport, other",NA,"Unintentional"
"V693","Transport, other",NA,"Unintentional"
"V694","Motor vehicle traffic","Occupant","Unintentional"
"V695","Motor vehicle traffic","Occupant","Unintentional"
"V696","Motor vehicle traffic","Occupant","Unintentional"
"V697","Motor vehicle traffic","Occupant","Unintentional"
"V698","Motor vehicle traffic","Occupant","Unintentional"
"V699","Motor vehicle traffic","Occupant","Unintentional"
"V700","Transport, other",NA,"Unintentional"
"V701","Transport, other",NA,"Unintentional"
"V702","Transport, other",NA,"Unintentional"
"V703","Transport, other",NA,"Unintentional"
"V704","Motor vehicle traffic","Occupant","Unintentional"
"V705","Motor vehicle traffic","Occupant","Unintentional"
"V706","Motor vehicle traffic","Occupant","Unintentional"
"V707","Motor vehicle traffic","Occupant","Unintentional"
"V708","Motor vehicle traffic","Occupant","Unintentional"
"V709","Motor vehicle traffic","Occupant","Unintentional"
"V710","Transport, other",NA,"Unintentional"
"V711","Transport, other",NA,"Unintentional"
"V712","Transport, other",NA,"Unintentional"
"V713","Transport, other",NA,"Unintentional"
"V714","Motor vehicle traffic","Occupant","Unintentional"
"V715","Motor vehicle traffic","Occupant","Unintentional"
"V716","Motor vehicle traffic","Occupant","Unintentional"
"V717","Motor vehicle traffic","Occupant","Unintentional"
"V718","Motor vehicle traffic","Occupant","Unintentional"
"V719","Motor vehicle traffic","Occupant","Unintentional"
"V720","Transport, other",NA,"Unintentional"
"V721","Transport, other",NA,"Unintentional"
"V722","Transport, other",NA,"Unintentional"
"V723","Transport, other",NA,"Unintentional"
"V724","Motor vehicle traffic","Occupant","Unintentional"
"V725","Motor vehicle traffic","Occupant","Unintentional"
"V726","Motor vehicle traffic","Occupant","Unintentional"
"V727","Motor vehicle traffic","Occupant","Unintentional"
"V728","Motor vehicle traffic","Occupant","Unintentional"
"V729","Motor vehicle traffic","Occupant","Unintentional"
"V730","Transport, other",NA,"Unintentional"
"V731","Transport, other",NA,"Unintentional"
"V732","Transport, other",NA,"Unintentional"
"V733","Transport, other",NA,"Unintentional"
"V734","Motor vehicle traffic","Occupant","Unintentional"
"V735","Motor vehicle traffic","Occupant","Unintentional"
"V736","Motor vehicle traffic","Occupant","Unintentional"
"V737","Motor vehicle traffic","Occupant","Unintentional"
"V738","Motor vehicle traffic","Occupant","Unintentional"
"V739","Motor vehicle traffic","Occupant","Unintentional"
"V740","Transport, other",NA,"Unintentional"
"V741","Transport, other",NA,"Unintentional"
"V742","Transport, other",NA,"Unintentional"
"V743","Transport, other",NA,"Unintentional"
"V744","Motor vehicle traffic","Occupant","Unintentional"
"V745","Motor vehicle traffic","Occupant","Unintentional"
"V746","Motor vehicle traffic","Occupant","Unintentional"
"V747","Motor vehicle traffic","Occupant","Unintentional"
"V748","Motor vehicle traffic","Occupant","Unintentional"
"V749","Motor vehicle traffic","Occupant","Unintentional"
"V750","Transport, other",NA,"Unintentional"
"V751","Transport, other",NA,"Unintentional"
"V752","Transport, other",NA,"Unintentional"
"V753","Transport, other",NA,"Unintentional"
"V754","Motor vehicle traffic","Occupant","Unintentional"
"V755","Motor vehicle traffic","Occupant","Unintentional"
"V756","Motor vehicle traffic","Occupant","Unintentional"
"V757","Motor vehicle traffic","Occupant","Unintentional"
"V758","Motor vehicle traffic","Occupant","Unintentional"
"V759","Motor vehicle traffic","Occupant","Unintentional"
"V760","Transport, other",NA,"Unintentional"
"V761","Transport, other",NA,"Unintentional"
"V762","Transport, other",NA,"Unintentional"
"V763","Transport, other",NA,"Unintentional"
"V764","Motor vehicle traffic","Occupant","Unintentional"
"V765","Motor vehicle traffic","Occupant","Unintentional"
"V766","Motor vehicle traffic","Occupant","Unintentional"
"V767","Motor vehicle traffic","Occupant","Unintentional"
"V768","Motor vehicle traffic","Occupant","Unintentional"
"V769","Motor vehicle traffic","Occupant","Unintentional"
"V770","Transport, other",NA,"Unintentional"
"V771","Transport, other",NA,"Unintentional"
"V772","Transport, other",NA,"Unintentional"
"V773","Transport, other",NA,"Unintentional"
"V774","Motor vehicle traffic","Occupant","Unintentional"
"V775","Motor vehicle traffic","Occupant","Unintentional"
"V776","Motor vehicle traffic","Occupant","Unintentional"
"V777","Motor vehicle traffic","Occupant","Unintentional"
"V778","Motor vehicle traffic","Occupant","Unintentional"
"V779","Motor vehicle traffic","Occupant","Unintentional"
"V780","Transport, other",NA,"Unintentional"
"V781","Transport, other",NA,"Unintentional"
"V782","Transport, other",NA,"Unintentional"
"V783","Transport, other",NA,"Unintentional"
"V784","Motor vehicle traffic","Occupant","Unintentional"
"V785","Motor vehicle traffic","Occupant","Unintentional"
"V786","Motor vehicle traffic","Occupant","Unintentional"
"V787","Motor vehicle traffic","Occupant","Unintentional"
"V788","Motor vehicle traffic","Occupant","Unintentional"
"V789","Motor vehicle traffic","Occupant","Unintentional"
"V790","Transport, other",NA,"Unintentional"
"V791","Transport, other",NA,"Unintentional"
"V792","Transport, other",NA,"Unintentional"
"V793","Transport, other",NA,"Unintentional"
"V794","Motor vehicle traffic","Occupant","Unintentional"
"V795","Motor vehicle traffic","Occupant","Unintentional"
"V796","Motor vehicle traffic","Occupant","Unintentional"
"V797","Motor vehicle traffic","Occupant","Unintentional"
"V798","Motor vehicle traffic","Occupant","Unintentional"
"V799","Motor vehicle traffic","Occupant","Unintentional"
"V800","Transport, other",NA,"Unintentional"
"V801","Transport, other",NA,"Unintentional"
"V802","Transport, other",NA,"Unintentional"
"V803","Motor vehicle traffic","Unspecified","Unintentional"
"V804","Motor vehicle traffic","Unspecified","Unintentional"
"V805","Motor vehicle traffic","Unspecified","Unintentional"
"V806","Transport, other",NA,"Unintentional"
"V807","Transport, other",NA,"Unintentional"
"V808","Transport, other",NA,"Unintentional"
"V809","Transport, other",NA,"Unintentional"
"V810","Transport, other",NA,"Unintentional"
"V811","Motor vehicle traffic","Unspecified","Unintentional"
"V812","Transport, other",NA,"Unintentional"
"V813","Transport, other",NA,"Unintentional"
"V814","Transport, other",NA,"Unintentional"
"V815","Transport, other",NA,"Unintentional"
"V816","Transport, other",NA,"Unintentional"
"V817","Transport, other",NA,"Unintentional"
"V818","Transport, other",NA,"Unintentional"
"V819","Transport, other",NA,"Unintentional"
"V820","Transport, other",NA,"Unintentional"
"V821","Motor vehicle traffic","Unspecified","Unintentional"
"V822","Transport, other",NA,"Unintentional"
"V823","Transport, other",NA,"Unintentional"
"V824","Transport, other",NA,"Unintentional"
"V825","Transport, other",NA,"Unintentional"
"V826","Transport, other",NA,"Unintentional"
"V827","Transport, other",NA,"Unintentional"
"V828","Transport, other",NA,"Unintentional"
"V829","Transport, other",NA,"Unintentional"
"V830","Motor vehicle traffic","Occupant","Unintentional"
"V831","Motor vehicle traffic","Occupant","Unintentional"
"V832","Motor vehicle traffic","Occupant","Unintentional"
"V833","Motor vehicle traffic","Occupant","Unintentional"
"V834","Transport, other",NA,"Unintentional"
"V835","Transport, other",NA,"Unintentional"
"V836","Transport, other",NA,"Unintentional"
"V837","Transport, other",NA,"Unintentional"
"V838","Transport, other",NA,"Unintentional"
"V839","Transport, other",NA,"Unintentional"
"V840","Motor vehicle traffic","Occupant","Unintentional"
"V841","Motor vehicle traffic","Occupant","Unintentional"
"V842","Motor vehicle traffic","Occupant","Unintentional"
"V843","Motor vehicle traffic","Occupant","Unintentional"
"V844","Transport, other",NA,"Unintentional"
"V845","Transport, other",NA,"Unintentional"
"V846","Transport, other",NA,"Unintentional"
"V847","Transport, other",NA,"Unintentional"
"V848","Transport, other",NA,"Unintentional"
"V849","Transport, other",NA,"Unintentional"
"V850","Motor vehicle traffic","Occupant","Unintentional"
"V851","Motor vehicle traffic","Occupant","Unintentional"
"V852","Motor vehicle traffic","Occupant","Unintentional"
"V853","Motor vehicle traffic","Occupant","Unintentional"
"V854","Transport, other",NA,"Unintentional"
"V855","Transport, other",NA,"Unintentional"
"V856","Transport, other",NA,"Unintentional"
"V857","Transport, other",NA,"Unintentional"
"V858","Transport, other",NA,"Unintentional"
"V859","Transport, other",NA,"Unintentional"
"V860","Motor vehicle traffic","Occupant","Unintentional"
"V861","Motor vehicle traffic","Occupant","Unintentional"
"V862","Motor vehicle traffic","Occupant","Unintentional"
"V863","Motor vehicle traffic","Occupant","Unintentional"
"V864","Transport, other",NA,"Unintentional"
"V865","Transport, other",NA,"Unintentional"
"V866","Transport, other",NA,"Unintentional"
"V867","Transport, other",NA,"Unintentional"
"V868","Transport, other",NA,"Unintentional"
"V869","Transport, other",NA,"Unintentional"
"V870","Motor vehicle traffic","Unspecified","Unintentional"
"V871","Motor vehicle traffic","Unspecified","Unintentional"
"V872","Motor vehicle traffic","Unspecified","Unintentional"
"V873","Motor vehicle traffic","Unspecified","Unintentional"
"V874","Motor vehicle traffic","Unspecified","Unintentional"
"V875","Motor vehicle traffic","Unspecified","Unintentional"
"V876","Motor vehicle traffic","Unspecified","Unintentional"
"V877","Motor vehicle traffic","Unspecified","Unintentional"
"V878","Motor vehicle traffic","Unspecified","Unintentional"
"V879","Transport, other",NA,"Unintentional"
"V880","Transport, other",NA,"Unintentional"
"V881","Transport, other",NA,"Unintentional"
"V882","Transport, other",NA,"Unintentional"
"V883","Transport, other",NA,"Unintentional"
"V884","Transport, other",NA,"Unintentional"
"V885","Transport, other",NA,"Unintentional"
"V886","Transport, other",NA,"Unintentional"
"V887","Transport, other",NA,"Unintentional"
"V888","Transport, other",NA,"Unintentional"
"V889","Transport, other",NA,"Unintentional"
"V890","Transport, other",NA,"Unintentional"
"V891","Transport, other",NA,"Unintentional"
"V892","Motor vehicle traffic","Unspecified","Unintentional"
"V893","Transport, other",NA,"Unintentional"
"V899","Transport, other",NA,"Unintentional"
"V90","Transport, other",NA,"Unintentional"
"V91","Transport, other",NA,"Unintentional"
"V92","Transport, other",NA,"Unintentional"
"V93","Transport, other",NA,"Unintentional"
"V94","Transport, other",NA,"Unintentional"
"V95","Transport, other",NA,"Unintentional"
"V96","Transport, other",NA,"Unintentional"
"V97","Transport, other",NA,"Unintentional"
"V98","Transport, other",NA,"Unintentional"
"V99","Transport, other",NA,"Unintentional"
"W00","Fall",NA,"Unintentional"
"W01","Fall",NA,"Unintentional"
"W02","Fall",NA,"Unintentional"
"W03","Fall",NA,"Unintentional"
"W04","Fall",NA,"Unintentional"
"W05","Fall",NA,"Unintentional"
"W06","Fall",NA,"Unintentional"
"W07","Fall",NA,"Unintentional"
"W08","Fall",NA,"Unintentional"
"W09","Fall",NA,"Unintentional"
"W10","Fall",NA,"Unintentional"
"W11","Fall",NA,"Unintentional"
"W12","Fall",NA,"Unintentional"
"W13","Fall",NA,"Unintentional"
"W14","Fall",NA,"Unintentional"
"W15","Fall",NA,"Unintentional"
"W16","Fall",NA,"Unintentional"
"W17","Fall",NA,"Unintentional"
"W18","Fall",NA,"Unintentional"
"W19","Fall",NA,"Unintentional"
"W20","Struck by, against",NA,"Unintentional"
"W21","Struck by, against",NA,"Unintentional"
"W22","Struck by, against",NA,"Unintentional"
"W23","Other specified, classifiable",NA,"Unintentional"
"W24","Machinery",NA,"Unintentional"
"W25","Cut/pierce",NA,"Unintentional"
"W26","Cut/pierce",NA,"Unintentional"
"W27","Cut/pierce",NA,"Unintentional"
"W28","Cut/pierce",NA,"Unintentional"
"W29","Cut/pierce",NA,"Unintentional"
"W30","Machinery",NA,"Unintentional"
"W31","Machinery",NA,"Unintentional"
"W32","Firearm",NA,"Unintentional"
"W33","Firearm",NA,"Unintentional"
"W34","Firearm",NA,"Unintentional"
"W35","Other specified, classifiable",NA,"Unintentional"
"W36","Other specified, classifiable",NA,"Unintentional"
"W37","Other specified, classifiable",NA,"Unintentional"
"W38","Other specified, classifiable",NA,"Unintentional"
"W39","Other specified, classifiable",NA,"Unintentional"
"W40","Other specified, classifiable",NA,"Unintentional"
"W41","Other specified, classifiable",NA,"Unintentional"
"W42","Natural/environmental",NA,"Unintentional"
"W43","Natural/environmental",NA,"Unintentional"
"W44","Other specified, classifiable",NA,"Unintentional"
"W45","Cut/pierce",NA,"Unintentional"
"W49","Other specified, classifiable",NA,"Unintentional"
"W50","Struck by, against",NA,"Unintentional"
"W51","Struck by, against",NA,"Unintentional"
"W52","Struck by, against",NA,"Unintentional"
"W53","Natural/environmental",NA,"Unintentional"
"W54","Natural/environmental",NA,"Unintentional"
"W55","Natural/environmental",NA,"Unintentional"
"W56","Natural/environmental",NA,"Unintentional"
"W57","Natural/environmental",NA,"Unintentional"
"W58","Natural/environmental",NA,"Unintentional"
"W59","Natural/environmental",NA,"Unintentional"
"W60","Natural/environmental",NA,"Unintentional"
"W61","Natural/environmental",NA,"Unintentional"
"W62","Natural/environmental",NA,"Unintentional"
"W63","Natural/environmental",NA,"Unintentional"
"W64","Natural/environmental",NA,"Unintentional"
"W65","Drowning/submersion",NA,"Unintentional"
"W66","Drowning/submersion",NA,"Unintentional"
"W67","Drowning/submersion",NA,"Unintentional"
"W68","Drowning/submersion",NA,"Unintentional"
"W69","Drowning/submersion",NA,"Unintentional"
"W70","Drowning/submersion",NA,"Unintentional"
"W71","Drowning/submersion",NA,"Unintentional"
"W72","Drowning/submersion",NA,"Unintentional"
"W73","Drowning/submersion",NA,"Unintentional"
"W74","Drowning/submersion",NA,"Unintentional"
"W75","Suffocation",NA,"Unintentional"
"W76","Suffocation",NA,"Unintentional"
"W77","Suffocation",NA,"Unintentional"
"W78","Suffocation",NA,"Unintentional"
"W79","Suffocation",NA,"Unintentional"
"W80","Suffocation",NA,"Unintentional"
"W81","Suffocation",NA,"Unintentional"
"W82","Suffocation",NA,"Unintentional"
"W83","Suffocation",NA,"Unintentional"
"W84","Suffocation",NA,"Unintentional"
"W85","Other specified, classifiable",NA,"Unintentional"
"W86","Other specified, classifiable",NA,"Unintentional"
"W87","Other specified, classifiable",NA,"Unintentional"
"W88","Other specified, classifiable",NA,"Unintentional"
"W89","Other specified, classifiable",NA,"Unintentional"
"W90","Other specified, classifiable",NA,"Unintentional"
"W91","Other specified, classifiable",NA,"Unintentional"
"W92","Natural/environmental",NA,"Unintentional"
"W93","Natural/environmental",NA,"Unintentional"
"W94","Natural/environmental",NA,"Unintentional"
"W95","Natural/environmental",NA,"Unintentional"
"W96","Natural/environmental",NA,"Unintentional"
"W97","Natural/environmental",NA,"Unintentional"
"W98","Natural/environmental",NA,"Unintentional"
"W99","Natural/environmental",NA,"Unintentional"
"X00","Fire/burn","Fire/flame","Unintentional"
"X01","Fire/burn","Fire/flame","Unintentional"
"X02","Fire/burn","Fire/flame","Unintentional"
"X03","Fire/burn","Fire/flame","Unintentional"
"X04","Fire/burn","Fire/flame","Unintentional"
"X05","Fire/burn","Fire/flame","Unintentional"
"X06","Fire/burn","Fire/flame","Unintentional"
"X07","Fire/burn","Fire/flame","Unintentional"
"X08","Fire/burn","Fire/flame","Unintentional"
"X09","Fire/burn","Fire/flame","Unintentional"
"X10","Fire/burn","Hot object/substance","Unintentional"
"X11","Fire/burn","Hot object/substance","Unintentional"
"X12","Fire/burn","Hot object/substance","Unintentional"
"X13","Fire/burn","Hot object/substance","Unintentional"
"X14","Fire/burn","Hot object/substance","Unintentional"
"X15","Fire/burn","Hot object/substance","Unintentional"
"X16","Fire/burn","Hot object/substance","Unintentional"
"X17","Fire/burn","Hot object/substance","Unintentional"
"X18","Fire/burn","Hot object/substance","Unintentional"
"X19","Fire/burn","Hot object/substance","Unintentional"
"X20","Natural/environmental",NA,"Unintentional"
"X21","Natural/environmental",NA,"Unintentional"
"X22","Natural/environmental",NA,"Unintentional"
"X23","Natural/environmental",NA,"Unintentional"
"X24","Natural/environmental",NA,"Unintentional"
"X25","Natural/environmental",NA,"Unintentional"
"X26","Natural/environmental",NA,"Unintentional"
"X27","Natural/environmental",NA,"Unintentional"
"X28","Natural/environmental",NA,"Unintentional"
"X29","Natural/environmental",NA,"Unintentional"
"X30","Natural/environmental",NA,"Unintentional"
"X31","Natural/environmental",NA,"Unintentional"
"X32","Natural/environmental",NA,"Unintentional"
"X33","Natural/environmental",NA,"Unintentional"
"X34","Natural/environmental",NA,"Unintentional"
"X35","Natural/environmental",NA,"Unintentional"
"X36","Natural/environmental",NA,"Unintentional"
"X37","Natural/environmental",NA,"Unintentional"
"X38","Natural/environmental",NA,"Unintentional"
"X39","Natural/environmental",NA,"Unintentional"
"X40","Poisoning",NA,"Unintentional"
"X41","Poisoning",NA,"Unintentional"
"X42","Poisoning",NA,"Unintentional"
"X43","Poisoning",NA,"Unintentional"
"X44","Poisoning",NA,"Unintentional"
"X45","Poisoning",NA,"Unintentional"
"X46","Poisoning",NA,"Unintentional"
"X47","Poisoning",NA,"Unintentional"
"X48","Poisoning",NA,"Unintentional"
"X49","Poisoning",NA,"Unintentional"
"X50","Overexertion",NA,"Unintentional"
"X51","Natural/environmental",NA,"Unintentional"
"X52","Natural/environmental",NA,"Unintentional"
"X53","Natural/environmental",NA,"Unintentional"
"X54","Natural/environmental",NA,"Unintentional"
"X55","Natural/environmental",NA,"Unintentional"
"X56","Natural/environmental",NA,"Unintentional"
"X57","Natural/environmental",NA,"Unintentional"
"X58","Other specified, not elsewhere classifiable",NA,"Unintentional"
"X59","Unspecified",NA,"Unintentional"
"X60","Poisoning",NA,"Self-inflicted"
"X61","Poisoning",NA,"Self-inflicted"
"X62","Poisoning",NA,"Self-inflicted"
"X63","Poisoning",NA,"Self-inflicted"
"X64","Poisoning",NA,"Self-inflicted"
"X65","Poisoning",NA,"Self-inflicted"
"X66","Poisoning",NA,"Self-inflicted"
"X67","Poisoning",NA,"Self-inflicted"
"X68","Poisoning",NA,"Self-inflicted"
"X69","Poisoning",NA,"Self-inflicted"
"X70","Suffocation",NA,"Self-inflicted"
"X71","Drowning/submersion",NA,"Self-inflicted"
"X72","Firearm",NA,"Self-inflicted"
"X73","Firearm",NA,"Self-inflicted"
"X74","Firearm",NA,"Self-inflicted"
"X75","Other specified, classifiable",NA,"Self-inflicted"
"X76","Fire/burn","Fire/flame","Self-inflicted"
"X77","Fire/burn","Hot object/substance","Self-inflicted"
"X78","Cut/pierce",NA,"Self-inflicted"
"X79","Struck by, against",NA,"Self-inflicted"
"X80","Fall",NA,"Self-inflicted"
"X81","Other specified, classifiable",NA,"Self-inflicted"
"X82","Transport, other",NA,"Self-inflicted"
"X83","Other specified, not elsewhere classifiable",NA,"Self-inflicted"
"X84","Unspecified",NA,"Self-inflicted"
"X85","Poisoning",NA,"Assault"
"X86","Poisoning",NA,"Assault"
"X87","Poisoning",NA,"Assault"
"X88","Poisoning",NA,"Assault"
"X89","Poisoning",NA,"Assault"
"X90","Poisoning",NA,"Assault"
"X91","Suffocation",NA,"Assault"
"X92","Drowning/submersion",NA,"Assault"
"X93","Firearm",NA,"Assault"
"X94","Firearm",NA,"Assault"
"X95","Firearm",NA,"Assault"
"X96","Other specified, classifiable",NA,"Assault"
"X97","Fire/burn","Fire/flame","Assault"
"X98","Fire/burn","Hot object/substance","Assault"
"X99","Cut/pierce",NA,"Assault"
"Y00","Struck by, against",NA,"Assault"
"Y01","Fall",NA,"Assault"
"Y02","Other specified, classifiable",NA,"Assault"
"Y03","Transport, other",NA,"Assault"
"Y04","Struck by, against",NA,"Assault"
"Y05","Other specified, classifiable",NA,"Assault"
"Y06","Other specified, classifiable",NA,"Assault"
"Y07","Other specified, classifiable",NA,"Assault"
"Y08","Other specified, not elsewhere classifiable",NA,"Assault"
"Y09","Unspecified",NA,"Assault"
"Y10","Poisoning",NA,"Undetermined"
"Y11","Poisoning",NA,"Undetermined"
"Y12","Poisoning",NA,"Undetermined"
"Y13","Poisoning",NA,"Undetermined"
"Y14","Poisoning",NA,"Undetermined"
"Y15","Poisoning",NA,"Undetermined"
"Y16","Poisoning",NA,"Undetermined"
"Y17","Poisoning",NA,"Undetermined"
"Y18","Poisoning",NA,"Undetermined"
"Y19","Poisoning",NA,"Undetermined"
"Y20","Suffocation",NA,"Undetermined"
"Y21","Drowning/submersion",NA,"Undetermined"
"Y22","Firearm",NA,"Undetermined"
"Y23","Firearm",NA,"Undetermined"
"Y24","Firearm",NA,"Undetermined"
"Y25","Other specified, classifiable",NA,"Undetermined"
"Y26","Fire/burn","Fire/flame","Undetermined"
"Y27","Fire/burn","Hot object/substance","Undetermined"
"Y28","Cut/pierce",NA,"Undetermined"
"Y29","Struck by, against",NA,"Undetermined"
"Y30","Fall",NA,"Undetermined"
"Y31","Other specified, classifiable",NA,"Undetermined"
"Y32","Transport, other",NA,"Undetermined"
"Y33","Other specified, not elsewhere classifiable",NA,"Undetermined"
"Y34","Unspecified",NA,"Undetermined"
"Y350","Firearm",NA,"Other"
"Y351","Other specified, classifiable",NA,"Other"
"Y352","Poisoning",NA,"Other"
"Y353","Struck by, against",NA,"Other"
"Y354","Cut/pierce",NA,"Other"
"Y355","Other specified, classifiable",NA,"Other"
"Y356","Other specified, not elsewhere classifiable",NA,"Other"
"Y357","Unspecified",NA,"Other"
"Y360","Other specified, classifiable",NA,"Other"
"Y361","Transport, other",NA,"Other"
"Y362","Other specified, classifiable",NA,"Other"
"Y363","Fire/burn",NA,"Other"
"Y364","Other specified, classifiable",NA,"Other"
"Y365","Other specified, classifiable",NA,"Other"
"Y366","Other specified, classifiable",NA,"Other"
"Y367","Other specified, classifiable",NA,"Other"
"Y368","Other specified, classifiable",NA,"Other"
"Y369","Unspecified",NA,"Other"
"Y40","Adverse effects","Drugs","Unintentional"
"Y41","Adverse effects","Drugs","Unintentional"
"Y42","Adverse effects","Drugs","Unintentional"
"Y43","Adverse effects","Drugs","Unintentional"
"Y44","Adverse effects","Drugs","Unintentional"
"Y45","Adverse effects","Drugs","Unintentional"
"Y46","Adverse effects","Drugs","Unintentional"
"Y47","Adverse effects","Drugs","Unintentional"
"Y48","Adverse effects","Drugs","Unintentional"
"Y49","Adverse effects","Drugs","Unintentional"
"Y50","Adverse effects","Drugs","Unintentional"
"Y51","Adverse effects","Drugs","Unintentional"
"Y52","Adverse effects","Drugs","Unintentional"
"Y53","Adverse effects","Drugs","Unintentional"
"Y54","Adverse effects","Drugs","Unintentional"
"Y55","Adverse effects","Drugs","Unintentional"
"Y56","Adverse effects","Drugs","Unintentional"
"Y57","Adverse effects","Drugs","Unintentional"
"Y58","Adverse effects","Drugs","Unintentional"
"Y59","Adverse effects","Drugs","Unintentional"
"Y60","Adverse effects","Medical care","Unintentional"
"Y61","Adverse effects","Medical care","Unintentional"
"Y62","Adverse effects","Medical care","Unintentional"
"Y63","Adverse effects","Medical care","Unintentional"
"Y64","Adverse effects","Medical care","Unintentional"
"Y65","Adverse effects","Medical care","Unintentional"
"Y66","Adverse effects","Medical care","Unintentional"
"Y67","Adverse effects","Medical care","Unintentional"
"Y68","Adverse effects","Medical care","Unintentional"
"Y69","Adverse effects","Medical care","Unintentional"
"Y70","Adverse effects","Medical care","Unintentional"
"Y71","Adverse effects","Medical care","Unintentional"
"Y72","Adverse effects","Medical care","Unintentional"
"Y73","Adverse effects","Medical care","Unintentional"
"Y74","Adverse effects","Medical care","Unintentional"
"Y75","Adverse effects","Medical care","Unintentional"
"Y76","Adverse effects","Medical care","Unintentional"
"Y77","Adverse effects","Medical care","Unintentional"
"Y78","Adverse effects","Medical care","Unintentional"
"Y79","Adverse effects","Medical care","Unintentional"
"Y80","Adverse effects","Medical care","Unintentional"
"Y81","Adverse effects","Medical care","Unintentional"
"Y82","Adverse effects","Medical care","Unintentional"
"Y83","Adverse effects","Medical care","Unintentional"
"Y84","Adverse effects","Medical care","Unintentional"
"Y85","Other specified, classifiable",NA,"Unintentional"
"Y86","Other specified, not elsewhere classifiable",NA,"Unintentional"
"Y870","Other specified, not elsewhere classifiable",NA,"Self-inflicted"
"Y871","Other specified, not elsewhere classifiable",NA,"Assault"
"Y872","Other specified, not elsewhere classifiable",NA,"Undetermined"
"Y880","Adverse effects","Drugs","Unintentional"
"Y881","Adverse effects","Medical care","Unintentional"
"Y882","Adverse effects","Medical care","Unintentional"
"Y883","Adverse effects","Medical care","Unintentional"
"Y890","Other specified, not elsewhere classifiable",NA,"Other"
"Y891","Other specified, not elsewhere classifiable",NA,"Other"
"Y899","Unspecified",NA,"Undetermined"
