"dx","severity","issbr"
"80000",2,"Head/Neck"
"80001",2,"Head/Neck"
"80002",2,"Head/Neck"
"80003",2,"Head/Neck"
"80004",2,"Head/Neck"
"80005",2,"Head/Neck"
"80006",2,"Head/Neck"
"80009",2,"Head/Neck"
"80010",3,"Head/Neck"
"80011",3,"Head/Neck"
"80012",3,"Head/Neck"
"80013",3,"Head/Neck"
"80014",3,"Head/Neck"
"80015",3,"Head/Neck"
"80016",3,"Head/Neck"
"80019",3,"Head/Neck"
"80020",4,"Head/Neck"
"80021",2,"Head/Neck"
"80022",2,"Head/Neck"
"80023",3,"Head/Neck"
"80024",3,"Head/Neck"
"80025",3,"Head/Neck"
"80026",3,"Head/Neck"
"80029",4,"Head/Neck"
"80030",4,"Head/Neck"
"80031",4,"Head/Neck"
"80032",4,"Head/Neck"
"80033",4,"Head/Neck"
"80034",4,"Head/Neck"
"80035",4,"Head/Neck"
"80036",4,"Head/Neck"
"80039",4,"Head/Neck"
"80040",3,"Head/Neck"
"80041",3,"Head/Neck"
"80042",3,"Head/Neck"
"80043",3,"Head/Neck"
"80044",3,"Head/Neck"
"80045",3,"Head/Neck"
"80046",3,"Head/Neck"
"80049",3,"Head/Neck"
"80050",3,"Head/Neck"
"80051",3,"Head/Neck"
"80052",3,"Head/Neck"
"80053",3,"Head/Neck"
"80054",4,"Head/Neck"
"80055",4,"Head/Neck"
"80056",3,"Head/Neck"
"80059",4,"Head/Neck"
"80060",4,"Head/Neck"
"80061",3,"Head/Neck"
"80062",3,"Head/Neck"
"80063",4,"Head/Neck"
"80064",4,"Head/Neck"
"80065",4,"Head/Neck"
"80066",4,"Head/Neck"
"80069",4,"Head/Neck"
"80070",3,"Head/Neck"
"80071",3,"Head/Neck"
"80072",3,"Head/Neck"
"80073",3,"Head/Neck"
"80074",4,"Head/Neck"
"80075",4,"Head/Neck"
"80076",3,"Head/Neck"
"80079",3,"Head/Neck"
"80080",4,"Head/Neck"
"80081",4,"Head/Neck"
"80082",4,"Head/Neck"
"80083",4,"Head/Neck"
"80084",4,"Head/Neck"
"80085",4,"Head/Neck"
"80086",4,"Head/Neck"
"80089",4,"Head/Neck"
"80090",3,"Head/Neck"
"80091",3,"Head/Neck"
"80092",3,"Head/Neck"
"80093",3,"Head/Neck"
"80094",3,"Head/Neck"
"80095",5,"Head/Neck"
"80096",3,"Head/Neck"
"80099",3,"Head/Neck"
"80100",3,"Head/Neck"
"80101",3,"Head/Neck"
"80102",3,"Head/Neck"
"80103",3,"Head/Neck"
"80104",3,"Head/Neck"
"80105",3,"Head/Neck"
"80106",3,"Head/Neck"
"80109",2,"Head/Neck"
"80110",3,"Head/Neck"
"80111",3,"Head/Neck"
"80112",3,"Head/Neck"
"80113",3,"Head/Neck"
"80114",3,"Head/Neck"
"80115",3,"Head/Neck"
"80116",3,"Head/Neck"
"80119",3,"Head/Neck"
"80120",3,"Head/Neck"
"80121",3,"Head/Neck"
"80122",3,"Head/Neck"
"80123",3,"Head/Neck"
"80124",3,"Head/Neck"
"80125",3,"Head/Neck"
"80126",3,"Head/Neck"
"80129",3,"Head/Neck"
"80130",4,"Head/Neck"
"80131",4,"Head/Neck"
"80132",4,"Head/Neck"
"80133",4,"Head/Neck"
"80134",4,"Head/Neck"
"80135",4,"Head/Neck"
"80136",4,"Head/Neck"
"80139",4,"Head/Neck"
"80140",3,"Head/Neck"
"80141",3,"Head/Neck"
"80142",3,"Head/Neck"
"80143",3,"Head/Neck"
"80144",3,"Head/Neck"
"80145",3,"Head/Neck"
"80146",3,"Head/Neck"
"80149",3,"Head/Neck"
"80150",4,"Head/Neck"
"80151",3,"Head/Neck"
"80152",4,"Head/Neck"
"80153",4,"Head/Neck"
"80154",4,"Head/Neck"
"80155",4,"Head/Neck"
"80156",4,"Head/Neck"
"80159",4,"Head/Neck"
"80160",4,"Head/Neck"
"80161",4,"Head/Neck"
"80162",4,"Head/Neck"
"80163",4,"Head/Neck"
"80164",4,"Head/Neck"
"80165",4,"Head/Neck"
"80166",4,"Head/Neck"
"80169",4,"Head/Neck"
"80170",3,"Head/Neck"
"80171",3,"Head/Neck"
"80172",3,"Head/Neck"
"80173",4,"Head/Neck"
"80174",4,"Head/Neck"
"80175",4,"Head/Neck"
"80176",4,"Head/Neck"
"80179",4,"Head/Neck"
"80180",4,"Head/Neck"
"80181",4,"Head/Neck"
"80182",4,"Head/Neck"
"80183",4,"Head/Neck"
"80184",4,"Head/Neck"
"80185",4,"Head/Neck"
"80186",4,"Head/Neck"
"80189",4,"Head/Neck"
"80190",3,"Head/Neck"
"80191",3,"Head/Neck"
"80192",4,"Head/Neck"
"80193",3,"Head/Neck"
"80194",3,"Head/Neck"
"80195",5,"Head/Neck"
"80196",4,"Head/Neck"
"80199",3,"Head/Neck"
"8020",1,"Face"
"8021",2,"Face"
"80220",1,"Face"
"80221",2,"Face"
"80222",2,"Face"
"80223",1,"Face"
"80224",1,"Face"
"80225",1,"Face"
"80226",1,"Face"
"80227",1,"Face"
"80228",1,"Face"
"80229",2,"Face"
"80230",2,"Face"
"80231",2,"Face"
"80232",2,"Face"
"80233",2,"Face"
"80234",2,"Face"
"80235",2,"Face"
"80236",2,"Face"
"80237",2,"Face"
"80238",2,"Face"
"80239",2,"Face"
"8024",2,"Face"
"8025",2,"Face"
"8026",2,"Face"
"8027",3,"Face"
"8028",2,"Face"
"8029",3,"Face"
"80300",2,"Head/Neck"
"80301",2,"Head/Neck"
"80302",2,"Head/Neck"
"80303",2,"Head/Neck"
"80304",2,"Head/Neck"
"80305",2,"Head/Neck"
"80306",2,"Head/Neck"
"80309",2,"Head/Neck"
"80310",2,"Head/Neck"
"80311",2,"Head/Neck"
"80312",3,"Head/Neck"
"80313",4,"Head/Neck"
"80314",3,"Head/Neck"
"80315",3,"Head/Neck"
"80316",3,"Head/Neck"
"80319",3,"Head/Neck"
"80320",2,"Head/Neck"
"80321",3,"Head/Neck"
"80322",3,"Head/Neck"
"80323",4,"Head/Neck"
"80324",3,"Head/Neck"
"80325",3,"Head/Neck"
"80326",3,"Head/Neck"
"80329",2,"Head/Neck"
"80330",4,"Head/Neck"
"80331",4,"Head/Neck"
"80332",4,"Head/Neck"
"80333",4,"Head/Neck"
"80334",4,"Head/Neck"
"80335",4,"Head/Neck"
"80336",4,"Head/Neck"
"80339",4,"Head/Neck"
"80340",3,"Head/Neck"
"80341",2,"Head/Neck"
"80342",2,"Head/Neck"
"80343",2,"Head/Neck"
"80344",5,"Head/Neck"
"80345",3,"Head/Neck"
"80346",2,"Head/Neck"
"80349",3,"Head/Neck"
"80350",2,"Head/Neck"
"80351",2,"Head/Neck"
"80352",2,"Head/Neck"
"80353",2,"Head/Neck"
"80354",2,"Head/Neck"
"80355",2,"Head/Neck"
"80356",2,"Head/Neck"
"80359",2,"Head/Neck"
"80360",2,"Head/Neck"
"80361",2,"Head/Neck"
"80362",2,"Head/Neck"
"80363",2,"Head/Neck"
"80364",2,"Head/Neck"
"80365",5,"Head/Neck"
"80366",2,"Head/Neck"
"80369",2,"Head/Neck"
"80370",3,"Head/Neck"
"80371",4,"Head/Neck"
"80372",3,"Head/Neck"
"80373",4,"Head/Neck"
"80374",3,"Head/Neck"
"80375",4,"Head/Neck"
"80376",4,"Head/Neck"
"80379",4,"Head/Neck"
"80380",4,"Head/Neck"
"80381",4,"Head/Neck"
"80382",2,"Head/Neck"
"80383",3,"Head/Neck"
"80384",4,"Head/Neck"
"80385",5,"Head/Neck"
"80386",4,"Head/Neck"
"80389",3,"Head/Neck"
"80390",3,"Head/Neck"
"80391",3,"Head/Neck"
"80392",3,"Head/Neck"
"80393",2,"Head/Neck"
"80394",2,"Head/Neck"
"80395",5,"Head/Neck"
"80396",2,"Head/Neck"
"80399",2,"Head/Neck"
"80400",2,"Head/Neck"
"80401",2,"Head/Neck"
"80402",3,"Head/Neck"
"80403",4,"Head/Neck"
"80404",3,"Head/Neck"
"80405",3,"Head/Neck"
"80406",2,"Head/Neck"
"80409",2,"Head/Neck"
"80410",2,"Head/Neck"
"80411",2,"Head/Neck"
"80412",3,"Head/Neck"
"80413",3,"Head/Neck"
"80414",5,"Head/Neck"
"80415",5,"Head/Neck"
"80416",3,"Head/Neck"
"80419",4,"Head/Neck"
"80420",3,"Head/Neck"
"80421",3,"Head/Neck"
"80422",3,"Head/Neck"
"80423",4,"Head/Neck"
"80424",5,"Head/Neck"
"80425",3,"Head/Neck"
"80426",3,"Head/Neck"
"80429",3,"Head/Neck"
"80430",3,"Head/Neck"
"80431",3,"Head/Neck"
"80432",4,"Head/Neck"
"80433",4,"Head/Neck"
"80434",5,"Head/Neck"
"80435",4,"Head/Neck"
"80436",5,"Head/Neck"
"80439",1,"Head/Neck"
"80440",3,"Head/Neck"
"80441",3,"Head/Neck"
"80442",3,"Head/Neck"
"80443",5,"Head/Neck"
"80444",5,"Head/Neck"
"80445",5,"Head/Neck"
"80446",5,"Head/Neck"
"80449",3,"Head/Neck"
"80450",3,"Head/Neck"
"80451",3,"Head/Neck"
"80452",4,"Head/Neck"
"80453",3,"Head/Neck"
"80454",3,"Head/Neck"
"80455",5,"Head/Neck"
"80456",3,"Head/Neck"
"80459",3,"Head/Neck"
"80460",4,"Head/Neck"
"80461",3,"Head/Neck"
"80462",5,"Head/Neck"
"80463",5,"Head/Neck"
"80464",4,"Head/Neck"
"80465",4,"Head/Neck"
"80466",5,"Head/Neck"
"80469",5,"Head/Neck"
"80470",4,"Head/Neck"
"80471",4,"Head/Neck"
"80472",3,"Head/Neck"
"80473",4,"Head/Neck"
"80474",3,"Head/Neck"
"80475",5,"Head/Neck"
"80476",4,"Head/Neck"
"80479",3,"Head/Neck"
"80480",4,"Head/Neck"
"80481",2,"Head/Neck"
"80482",5,"Head/Neck"
"80483",4,"Head/Neck"
"80484",4,"Head/Neck"
"80485",5,"Head/Neck"
"80486",4,"Head/Neck"
"80489",3,"Head/Neck"
"80490",3,"Head/Neck"
"80491",3,"Head/Neck"
"80492",3,"Head/Neck"
"80493",3,"Head/Neck"
"80494",6,"Head/Neck"
"80495",5,"Head/Neck"
"80496",3,"Head/Neck"
"80499",4,"Head/Neck"
"80500",2,"Head/Neck"
"80501",2,"Head/Neck"
"80502",2,"Head/Neck"
"80503",2,"Head/Neck"
"80504",2,"Head/Neck"
"80505",2,"Head/Neck"
"80506",2,"Head/Neck"
"80507",2,"Head/Neck"
"80508",2,"Head/Neck"
"80510",2,"Head/Neck"
"80511",2,"Head/Neck"
"80512",2,"Head/Neck"
"80513",2,"Head/Neck"
"80514",2,"Head/Neck"
"80515",2,"Head/Neck"
"80516",2,"Head/Neck"
"80517",2,"Head/Neck"
"80518",2,"Head/Neck"
"8052",2,"Chest"
"8053",2,"Chest"
"8054",2,"Abdomen"
"8055",2,"Abdomen"
"8056",2,"Extremities"
"8057",3,"Extremities"
"8058",2,"Chest"
"8059",2,"Chest"
"80600",3,"Head/Neck"
"80601",6,"Head/Neck"
"80602",4,"Head/Neck"
"80603",4,"Head/Neck"
"80604",4,"Head/Neck"
"80605",3,"Head/Neck"
"80606",5,"Head/Neck"
"80607",4,"Head/Neck"
"80608",4,"Head/Neck"
"80609",4,"Head/Neck"
"80610",3,"Head/Neck"
"80611",5,"Head/Neck"
"80612",5,"Head/Neck"
"80613",3,"Head/Neck"
"80614",4,"Head/Neck"
"80615",5,"Head/Neck"
"80616",5,"Head/Neck"
"80617",3,"Head/Neck"
"80618",4,"Head/Neck"
"80619",5,"Head/Neck"
"80620",3,"Chest"
"80621",5,"Chest"
"80622",4,"Chest"
"80623",4,"Chest"
"80624",4,"Chest"
"80625",3,"Chest"
"80626",5,"Chest"
"80627",4,"Chest"
"80628",4,"Chest"
"80629",4,"Chest"
"80630",5,"Chest"
"80631",5,"Chest"
"80632",5,"Chest"
"80633",5,"Chest"
"80634",5,"Chest"
"80635",5,"Chest"
"80636",5,"Chest"
"80637",5,"Chest"
"80638",5,"Chest"
"80639",5,"Chest"
"8064",3,"Abdomen"
"8065",5,"Abdomen"
"80660",3,"Abdomen"
"80661",2,"Abdomen"
"80662",3,"Abdomen"
"80669",3,"Abdomen"
"80670",3,"Abdomen"
"80671",4,"Abdomen"
"80672",3,"Abdomen"
"80679",3,"Abdomen"
"8068",5,"Chest"
"8069",2,"Chest"
"80700",2,"Chest"
"80701",1,"Chest"
"80702",2,"Chest"
"80703",2,"Chest"
"80704",3,"Chest"
"80705",3,"Chest"
"80706",3,"Chest"
"80707",4,"Chest"
"80708",4,"Chest"
"80709",2,"Chest"
"80710",1,"Chest"
"80711",3,"Chest"
"80712",3,"Chest"
"80713",3,"Chest"
"80714",3,"Chest"
"80715",3,"Chest"
"80716",4,"Chest"
"80717",4,"Chest"
"80718",3,"Chest"
"80719",3,"Chest"
"8072",2,"Chest"
"8073",2,"Chest"
"8074",4,"Chest"
"8075",2,"Head/Neck"
"8076",5,"Head/Neck"
"8080",2,"Extremities"
"8081",3,"Extremities"
"8082",2,"Extremities"
"8083",3,"Extremities"
"80841",2,"Extremities"
"80842",2,"Extremities"
"80843",4,"Extremities"
"80849",2,"Extremities"
"80851",3,"Extremities"
"80852",3,"Extremities"
"80853",3,"Extremities"
"80859",3,"Extremities"
"8088",2,"Extremities"
"8089",3,"Extremities"
"8090",2,"Extremities"
"8091",2,"Chest"
"81000",2,"Extremities"
"81001",2,"Extremities"
"81002",2,"Extremities"
"81003",2,"Extremities"
"81010",2,"Extremities"
"81011",2,"Extremities"
"81012",2,"Extremities"
"81013",2,"Extremities"
"81100",2,"Extremities"
"81101",2,"Extremities"
"81102",2,"Extremities"
"81103",2,"Extremities"
"81109",2,"Extremities"
"81110",2,"Extremities"
"81111",2,"Extremities"
"81112",2,"Extremities"
"81113",2,"Extremities"
"81119",2,"Extremities"
"81200",2,"Extremities"
"81201",2,"Extremities"
"81202",2,"Extremities"
"81203",2,"Extremities"
"81209",2,"Extremities"
"81210",3,"Extremities"
"81211",3,"Extremities"
"81212",3,"Extremities"
"81213",3,"Extremities"
"81219",3,"Extremities"
"81220",2,"Extremities"
"81221",2,"Extremities"
"81230",3,"Extremities"
"81231",3,"Extremities"
"81240",2,"Extremities"
"81241",2,"Extremities"
"81242",2,"Extremities"
"81243",2,"Extremities"
"81244",2,"Extremities"
"81249",2,"Extremities"
"81250",3,"Extremities"
"81251",3,"Extremities"
"81252",3,"Extremities"
"81253",3,"Extremities"
"81254",3,"Extremities"
"81259",3,"Extremities"
"81300",2,"Extremities"
"81301",2,"Extremities"
"81302",2,"Extremities"
"81303",3,"Extremities"
"81304",2,"Extremities"
"81305",2,"Extremities"
"81306",2,"Extremities"
"81307",2,"Extremities"
"81308",2,"Extremities"
"81310",3,"Extremities"
"81311",3,"Extremities"
"81312",3,"Extremities"
"81313",3,"Extremities"
"81314",3,"Extremities"
"81315",3,"Extremities"
"81316",3,"Extremities"
"81317",3,"Extremities"
"81318",3,"Extremities"
"81320",2,"Extremities"
"81321",2,"Extremities"
"81322",2,"Extremities"
"81323",2,"Extremities"
"81330",3,"Extremities"
"81331",3,"Extremities"
"81332",3,"Extremities"
"81333",3,"Extremities"
"81340",2,"Extremities"
"81341",2,"Extremities"
"81342",2,"Extremities"
"81343",2,"Extremities"
"81344",2,"Extremities"
"81345",2,"Extremities"
"81346",2,"Extremities"
"81347",2,"Extremities"
"81350",3,"Extremities"
"81351",3,"Extremities"
"81352",3,"Extremities"
"81353",3,"Extremities"
"81354",3,"Extremities"
"81380",2,"Extremities"
"81381",2,"Extremities"
"81382",2,"Extremities"
"81383",2,"Extremities"
"81390",2,"Extremities"
"81391",3,"Extremities"
"81392",3,"Extremities"
"81393",3,"Extremities"
"81400",2,"Extremities"
"81401",2,"Extremities"
"81402",2,"Extremities"
"81403",2,"Extremities"
"81404",2,"Extremities"
"81405",2,"Extremities"
"81406",2,"Extremities"
"81407",2,"Extremities"
"81408",2,"Extremities"
"81409",2,"Extremities"
"81410",2,"Extremities"
"81411",2,"Extremities"
"81412",2,"Extremities"
"81413",2,"Extremities"
"81414",2,"Extremities"
"81415",2,"Extremities"
"81416",2,"Extremities"
"81417",2,"Extremities"
"81418",2,"Extremities"
"81419",2,"Extremities"
"81500",2,"Extremities"
"81501",2,"Extremities"
"81502",2,"Extremities"
"81503",2,"Extremities"
"81504",2,"Extremities"
"81509",2,"Extremities"
"81510",2,"Extremities"
"81511",2,"Extremities"
"81512",2,"Extremities"
"81513",2,"Extremities"
"81514",2,"Extremities"
"81519",2,"Extremities"
"81600",1,"Extremities"
"81601",1,"Extremities"
"81602",1,"Extremities"
"81603",1,"Extremities"
"81610",1,"Extremities"
"81611",1,"Extremities"
"81612",1,"Extremities"
"81613",1,"Extremities"
"8170",2,"Extremities"
"8171",2,"Extremities"
"8180",2,"Extremities"
"8181",2,"Extremities"
"8190",3,"Chest"
"8191",2,"Extremities"
"82000",3,"Extremities"
"82001",3,"Extremities"
"82002",3,"Extremities"
"82003",3,"Extremities"
"82009",3,"Extremities"
"82010",3,"Extremities"
"82011",3,"Extremities"
"82012",3,"Extremities"
"82013",3,"Extremities"
"82019",3,"Extremities"
"82020",3,"Extremities"
"82021",3,"Extremities"
"82022",3,"Extremities"
"82030",3,"Extremities"
"82031",3,"Extremities"
"82032",3,"Extremities"
"8208",3,"Extremities"
"8209",3,"Extremities"
"82100",3,"Extremities"
"82101",3,"Extremities"
"82110",3,"Extremities"
"82111",3,"Extremities"
"82120",3,"Extremities"
"82121",3,"Extremities"
"82122",3,"Extremities"
"82123",3,"Extremities"
"82129",3,"Extremities"
"82130",3,"Extremities"
"82131",3,"Extremities"
"82132",3,"Extremities"
"82133",3,"Extremities"
"82139",3,"Extremities"
"8220",2,"Extremities"
"8221",2,"Extremities"
"82300",2,"Extremities"
"82301",2,"Extremities"
"82302",2,"Extremities"
"82310",3,"Extremities"
"82311",2,"Extremities"
"82312",3,"Extremities"
"82320",2,"Extremities"
"82321",2,"Extremities"
"82322",2,"Extremities"
"82330",3,"Extremities"
"82331",2,"Extremities"
"82332",3,"Extremities"
"82340",2,"Extremities"
"82341",2,"Extremities"
"82342",2,"Extremities"
"82380",2,"Extremities"
"82381",2,"Extremities"
"82382",2,"Extremities"
"82390",2,"Extremities"
"82391",2,"Extremities"
"82392",2,"Extremities"
"8240",2,"Extremities"
"8241",2,"Extremities"
"8242",2,"Extremities"
"8243",2,"Extremities"
"8244",2,"Extremities"
"8245",3,"Extremities"
"8246",2,"Extremities"
"8247",2,"Extremities"
"8248",2,"Extremities"
"8249",3,"Extremities"
"8250",2,"Extremities"
"8251",2,"Extremities"
"82520",2,"Extremities"
"82521",2,"Extremities"
"82522",2,"Extremities"
"82523",2,"Extremities"
"82524",2,"Extremities"
"82525",2,"Extremities"
"82529",2,"Extremities"
"82530",2,"Extremities"
"82531",2,"Extremities"
"82532",2,"Extremities"
"82533",2,"Extremities"
"82534",2,"Extremities"
"82535",2,"Extremities"
"82539",2,"Extremities"
"8260",1,"Extremities"
"8261",1,"Extremities"
"8270",2,"Extremities"
"8271",2,"Extremities"
"8280",2,"Extremities"
"8281",2,"Extremities"
"8290",2,"Extremities"
"8291",2,"Extremities"
"8300",2,"Face"
"8301",2,"Face"
"83100",2,"Extremities"
"83101",2,"Extremities"
"83102",2,"Extremities"
"83103",2,"Extremities"
"83104",2,"Extremities"
"83109",2,"Extremities"
"83110",2,"Extremities"
"83111",2,"Extremities"
"83112",2,"Extremities"
"83113",2,"Extremities"
"83114",2,"Extremities"
"83119",2,"Extremities"
"83200",1,"Extremities"
"83201",1,"Extremities"
"83202",1,"Extremities"
"83203",1,"Extremities"
"83204",1,"Extremities"
"83209",1,"Extremities"
"83210",1,"Extremities"
"83211",1,"Extremities"
"83212",1,"Extremities"
"83213",1,"Extremities"
"83214",1,"Extremities"
"83219",1,"Extremities"
"8322",1,"Extremities"
"83300",2,"Extremities"
"83301",2,"Extremities"
"83302",2,"Extremities"
"83303",2,"Extremities"
"83304",1,"Extremities"
"83305",1,"Extremities"
"83309",2,"Extremities"
"83310",2,"Extremities"
"83311",2,"Extremities"
"83312",2,"Extremities"
"83313",2,"Extremities"
"83314",1,"Extremities"
"83315",2,"Extremities"
"83319",2,"Extremities"
"83400",1,"Extremities"
"83401",1,"Extremities"
"83402",1,"Extremities"
"83410",1,"Extremities"
"83411",1,"Extremities"
"83412",1,"Extremities"
"83500",2,"Extremities"
"83501",2,"Extremities"
"83502",2,"Extremities"
"83503",2,"Extremities"
"83510",2,"Extremities"
"83511",2,"Extremities"
"83512",2,"Extremities"
"83513",2,"Extremities"
"8360",2,"Extremities"
"8361",2,"Extremities"
"8362",2,"Extremities"
"8363",2,"Extremities"
"8364",2,"Extremities"
"83650",2,"Extremities"
"83651",2,"Extremities"
"83652",2,"Extremities"
"83653",2,"Extremities"
"83654",2,"Extremities"
"83659",2,"Extremities"
"83660",2,"Extremities"
"83661",2,"Extremities"
"83662",2,"Extremities"
"83663",2,"Extremities"
"83664",2,"Extremities"
"83669",2,"Extremities"
"8370",2,"Extremities"
"8371",2,"Extremities"
"83800",1,"Extremities"
"83801",1,"Extremities"
"83802",1,"Extremities"
"83803",1,"Extremities"
"83804",1,"Extremities"
"83805",1,"Extremities"
"83806",1,"Extremities"
"83809",1,"Extremities"
"83810",1,"Extremities"
"83811",1,"Extremities"
"83812",1,"Extremities"
"83813",1,"Extremities"
"83814",1,"Extremities"
"83815",1,"Extremities"
"83816",1,"Extremities"
"83819",1,"Extremities"
"83900",2,"Head/Neck"
"83901",2,"Head/Neck"
"83902",2,"Head/Neck"
"83903",2,"Head/Neck"
"83904",2,"Head/Neck"
"83905",2,"Head/Neck"
"83906",2,"Head/Neck"
"83907",2,"Head/Neck"
"83908",2,"Head/Neck"
"83910",2,"Head/Neck"
"83911",2,"Head/Neck"
"83912",2,"Head/Neck"
"83913",5,"Head/Neck"
"83914",5,"Head/Neck"
"83915",2,"Head/Neck"
"83916",4,"Head/Neck"
"83917",3,"Head/Neck"
"83918",2,"Head/Neck"
"83920",2,"Abdomen"
"83921",2,"Chest"
"83930",2,"Abdomen"
"83931",2,"Chest"
"83940",2,"Chest"
"83941",2,"Extremities"
"83942",3,"Extremities"
"83949",3,"Chest"
"83950",2,"Extremities"
"83951",2,"Extremities"
"83952",3,"Extremities"
"83959",3,"Chest"
"83961",2,"Chest"
"83969",3,"Extremities"
"83971",2,"Chest"
"83979",3,"Extremities"
"8398",1,"Extremities"
"8399",2,"Extremities"
"8400",1,"Extremities"
"8401",1,"Extremities"
"8402",2,"Extremities"
"8403",1,"Extremities"
"8404",1,"Extremities"
"8405",1,"Extremities"
"8406",1,"Extremities"
"8407",2,"Extremities"
"8408",1,"Extremities"
"8409",1,"Extremities"
"8410",1,"Extremities"
"8411",1,"Extremities"
"8412",2,"Extremities"
"8413",1,"Extremities"
"8418",1,"Extremities"
"8419",1,"Extremities"
"84200",1,"Extremities"
"84201",1,"Extremities"
"84202",1,"Extremities"
"84209",1,"Extremities"
"84210",1,"Extremities"
"84211",1,"Extremities"
"84212",1,"Extremities"
"84213",1,"Extremities"
"84219",1,"Extremities"
"8430",1,"Extremities"
"8431",1,"Extremities"
"8438",2,"Extremities"
"8439",1,"Extremities"
"8440",2,"Extremities"
"8441",2,"Extremities"
"8442",2,"Extremities"
"8443",2,"Extremities"
"8448",2,"Extremities"
"8449",2,"Extremities"
"84500",1,"Extremities"
"84501",1,"Extremities"
"84502",1,"Extremities"
"84503",1,"Extremities"
"84509",2,"Extremities"
"84510",1,"Extremities"
"84511",1,"Extremities"
"84512",1,"Extremities"
"84513",1,"Extremities"
"84519",2,"Extremities"
"8460",1,"Extremities"
"8461",1,"Extremities"
"8462",1,"Extremities"
"8463",1,"Extremities"
"8468",1,"Extremities"
"8469",1,"Extremities"
"8470",1,"Head/Neck"
"8471",1,"Chest"
"8472",1,"Abdomen"
"8473",1,"Extremities"
"8474",1,"Extremities"
"8479",1,"Chest"
"8480",1,"Face"
"8481",1,"Face"
"8482",1,"Head/Neck"
"8483",1,"Chest"
"84840",1,"Chest"
"84841",1,"Chest"
"84842",1,"Chest"
"84849",1,"Chest"
"8485",1,"Extremities"
"8488",1,"Extremities"
"8489",1,"Extremities"
"8500",2,"Head/Neck"
"8501",2,"Head/Neck"
"85011",2,"Head/Neck"
"85012",1,"Head/Neck"
"8502",2,"Head/Neck"
"8503",2,"Head/Neck"
"8504",5,"Head/Neck"
"8505",2,"Head/Neck"
"8509",2,"Head/Neck"
"85100",3,"Head/Neck"
"85101",3,"Head/Neck"
"85102",3,"Head/Neck"
"85103",3,"Head/Neck"
"85104",3,"Head/Neck"
"85105",3,"Head/Neck"
"85106",3,"Head/Neck"
"85109",3,"Head/Neck"
"85110",3,"Head/Neck"
"85111",3,"Head/Neck"
"85112",3,"Head/Neck"
"85113",3,"Head/Neck"
"85114",3,"Head/Neck"
"85115",3,"Head/Neck"
"85116",3,"Head/Neck"
"85119",3,"Head/Neck"
"85120",4,"Head/Neck"
"85121",4,"Head/Neck"
"85122",4,"Head/Neck"
"85123",4,"Head/Neck"
"85124",4,"Head/Neck"
"85125",4,"Head/Neck"
"85126",4,"Head/Neck"
"85129",4,"Head/Neck"
"85130",5,"Head/Neck"
"85131",5,"Head/Neck"
"85132",4,"Head/Neck"
"85133",5,"Head/Neck"
"85134",5,"Head/Neck"
"85135",5,"Head/Neck"
"85136",5,"Head/Neck"
"85139",5,"Head/Neck"
"85140",3,"Head/Neck"
"85141",3,"Head/Neck"
"85142",3,"Head/Neck"
"85143",3,"Head/Neck"
"85144",5,"Head/Neck"
"85145",5,"Head/Neck"
"85146",3,"Head/Neck"
"85149",5,"Head/Neck"
"85150",3,"Head/Neck"
"85151",3,"Head/Neck"
"85152",3,"Head/Neck"
"85153",3,"Head/Neck"
"85154",5,"Head/Neck"
"85155",5,"Head/Neck"
"85156",3,"Head/Neck"
"85159",3,"Head/Neck"
"85160",6,"Head/Neck"
"85161",4,"Head/Neck"
"85162",4,"Head/Neck"
"85163",4,"Head/Neck"
"85164",6,"Head/Neck"
"85165",6,"Head/Neck"
"85166",6,"Head/Neck"
"85169",3,"Head/Neck"
"85170",6,"Head/Neck"
"85171",4,"Head/Neck"
"85172",3,"Head/Neck"
"85173",5,"Head/Neck"
"85174",6,"Head/Neck"
"85175",5,"Head/Neck"
"85176",4,"Head/Neck"
"85179",3,"Head/Neck"
"85180",3,"Head/Neck"
"85181",3,"Head/Neck"
"85182",3,"Head/Neck"
"85183",3,"Head/Neck"
"85184",3,"Head/Neck"
"85185",3,"Head/Neck"
"85186",3,"Head/Neck"
"85189",4,"Head/Neck"
"85190",5,"Head/Neck"
"85191",4,"Head/Neck"
"85192",5,"Head/Neck"
"85193",4,"Head/Neck"
"85194",5,"Head/Neck"
"85195",5,"Head/Neck"
"85196",5,"Head/Neck"
"85199",5,"Head/Neck"
"85200",3,"Head/Neck"
"85201",3,"Head/Neck"
"85202",3,"Head/Neck"
"85203",3,"Head/Neck"
"85204",3,"Head/Neck"
"85205",3,"Head/Neck"
"85206",3,"Head/Neck"
"85209",3,"Head/Neck"
"85210",3,"Head/Neck"
"85211",3,"Head/Neck"
"85212",3,"Head/Neck"
"85213",3,"Head/Neck"
"85214",3,"Head/Neck"
"85215",3,"Head/Neck"
"85216",3,"Head/Neck"
"85219",3,"Head/Neck"
"85220",4,"Head/Neck"
"85221",4,"Head/Neck"
"85222",4,"Head/Neck"
"85223",4,"Head/Neck"
"85224",4,"Head/Neck"
"85225",5,"Head/Neck"
"85226",4,"Head/Neck"
"85229",4,"Head/Neck"
"85230",4,"Head/Neck"
"85231",4,"Head/Neck"
"85232",4,"Head/Neck"
"85233",5,"Head/Neck"
"85234",4,"Head/Neck"
"85235",5,"Head/Neck"
"85236",4,"Head/Neck"
"85239",5,"Head/Neck"
"85240",4,"Head/Neck"
"85241",4,"Head/Neck"
"85242",4,"Head/Neck"
"85243",4,"Head/Neck"
"85244",4,"Head/Neck"
"85245",5,"Head/Neck"
"85246",4,"Head/Neck"
"85249",4,"Head/Neck"
"85250",4,"Head/Neck"
"85251",4,"Head/Neck"
"85252",4,"Head/Neck"
"85253",4,"Head/Neck"
"85254",4,"Head/Neck"
"85255",5,"Head/Neck"
"85256",4,"Head/Neck"
"85259",4,"Head/Neck"
"85300",4,"Head/Neck"
"85301",4,"Head/Neck"
"85302",4,"Head/Neck"
"85303",4,"Head/Neck"
"85304",4,"Head/Neck"
"85305",4,"Head/Neck"
"85306",4,"Head/Neck"
"85309",4,"Head/Neck"
"85310",3,"Head/Neck"
"85311",4,"Head/Neck"
"85312",4,"Head/Neck"
"85313",4,"Head/Neck"
"85314",5,"Head/Neck"
"85315",5,"Head/Neck"
"85316",4,"Head/Neck"
"85319",4,"Head/Neck"
"85400",2,"Head/Neck"
"85401",1,"Head/Neck"
"85402",2,"Head/Neck"
"85403",3,"Head/Neck"
"85404",5,"Head/Neck"
"85405",5,"Head/Neck"
"85406",2,"Head/Neck"
"85409",2,"Head/Neck"
"85410",3,"Head/Neck"
"85411",5,"Head/Neck"
"85412",3,"Head/Neck"
"85413",5,"Head/Neck"
"85414",5,"Head/Neck"
"85415",5,"Head/Neck"
"85416",5,"Head/Neck"
"85419",3,"Head/Neck"
"8600",3,"Chest"
"8601",3,"Chest"
"8602",3,"Chest"
"8603",3,"Chest"
"8604",3,"Chest"
"8605",3,"Chest"
"86100",3,"Chest"
"86101",3,"Chest"
"86102",3,"Chest"
"86103",5,"Chest"
"86110",3,"Chest"
"86111",3,"Chest"
"86112",3,"Chest"
"86113",6,"Chest"
"86120",3,"Chest"
"86121",3,"Chest"
"86122",3,"Chest"
"86130",3,"Chest"
"86131",3,"Chest"
"86132",3,"Chest"
"8620",3,"Chest"
"8621",3,"Chest"
"86221",3,"Chest"
"86222",2,"Chest"
"86229",2,"Chest"
"86231",3,"Chest"
"86232",4,"Chest"
"86239",2,"Chest"
"8628",5,"Chest"
"8629",3,"Chest"
"8630",2,"Abdomen"
"8631",3,"Abdomen"
"86320",2,"Abdomen"
"86321",2,"Abdomen"
"86329",2,"Abdomen"
"86330",3,"Abdomen"
"86331",3,"Abdomen"
"86339",3,"Abdomen"
"86340",2,"Abdomen"
"86341",2,"Abdomen"
"86342",2,"Abdomen"
"86343",2,"Abdomen"
"86344",2,"Abdomen"
"86345",2,"Abdomen"
"86346",2,"Abdomen"
"86349",2,"Abdomen"
"86350",3,"Abdomen"
"86351",3,"Abdomen"
"86352",3,"Abdomen"
"86353",3,"Abdomen"
"86354",3,"Abdomen"
"86355",2,"Abdomen"
"86356",3,"Abdomen"
"86359",2,"Abdomen"
"86380",2,"Abdomen"
"86381",2,"Abdomen"
"86382",2,"Abdomen"
"86383",2,"Abdomen"
"86384",2,"Abdomen"
"86385",2,"Abdomen"
"86389",2,"Abdomen"
"86390",2,"Abdomen"
"86391",2,"Abdomen"
"86392",2,"Abdomen"
"86393",2,"Abdomen"
"86394",2,"Abdomen"
"86395",3,"Abdomen"
"86399",2,"Abdomen"
"86400",2,"Abdomen"
"86401",2,"Abdomen"
"86402",2,"Abdomen"
"86403",3,"Abdomen"
"86404",4,"Abdomen"
"86405",2,"Abdomen"
"86409",2,"Abdomen"
"86410",2,"Abdomen"
"86411",2,"Abdomen"
"86412",2,"Abdomen"
"86413",3,"Abdomen"
"86414",4,"Abdomen"
"86415",2,"Abdomen"
"86419",2,"Abdomen"
"86500",2,"Abdomen"
"86501",2,"Abdomen"
"86502",2,"Abdomen"
"86503",4,"Abdomen"
"86504",5,"Abdomen"
"86509",2,"Abdomen"
"86510",2,"Abdomen"
"86511",2,"Abdomen"
"86512",2,"Abdomen"
"86513",3,"Abdomen"
"86514",5,"Abdomen"
"86519",2,"Abdomen"
"86600",2,"Abdomen"
"86601",2,"Abdomen"
"86602",2,"Abdomen"
"86603",5,"Abdomen"
"86610",2,"Abdomen"
"86611",2,"Abdomen"
"86612",2,"Abdomen"
"86613",5,"Abdomen"
"8670",2,"Abdomen"
"8671",4,"Abdomen"
"8672",2,"Abdomen"
"8673",3,"Abdomen"
"8674",2,"Abdomen"
"8675",2,"Abdomen"
"8676",2,"Abdomen"
"8677",2,"Abdomen"
"8678",2,"Abdomen"
"8679",2,"Abdomen"
"86800",1,"Abdomen"
"86801",1,"Abdomen"
"86802",2,"Abdomen"
"86803",3,"Abdomen"
"86804",3,"Abdomen"
"86809",2,"Abdomen"
"86810",2,"Abdomen"
"86811",1,"Abdomen"
"86812",2,"Abdomen"
"86813",1,"Abdomen"
"86814",3,"Abdomen"
"86819",2,"Abdomen"
"8690",2,"Abdomen"
"8691",2,"Abdomen"
"8700",1,"General"
"8701",1,"General"
"8702",1,"General"
"8703",1,"Face"
"8704",1,"Face"
"8708",1,"Face"
"8709",1,"Face"
"8710",1,"Face"
"8711",2,"Face"
"8712",2,"Face"
"8713",2,"Face"
"8714",1,"Face"
"8715",2,"Face"
"8716",1,"Face"
"8717",1,"Face"
"8719",1,"Face"
"87200",1,"General"
"87201",1,"Face"
"87202",1,"Face"
"87210",1,"General"
"87211",1,"Face"
"87212",1,"Face"
"87261",1,"Face"
"87262",1,"Face"
"87263",2,"Face"
"87264",1,"Face"
"87269",1,"General"
"87271",1,"Face"
"87272",1,"Face"
"87273",1,"Face"
"87274",2,"Face"
"87279",1,"Face"
"8728",1,"General"
"8729",1,"General"
"8730",1,"General"
"8731",2,"General"
"87320",1,"General"
"87321",1,"General"
"87322",1,"General"
"87323",1,"General"
"87329",1,"General"
"87330",1,"General"
"87331",2,"General"
"87332",1,"General"
"87333",1,"General"
"87339",2,"General"
"87340",1,"General"
"87341",1,"General"
"87342",1,"General"
"87343",1,"General"
"87344",1,"General"
"87349",1,"General"
"87350",1,"General"
"87351",1,"General"
"87352",1,"General"
"87353",1,"General"
"87354",1,"General"
"87359",2,"General"
"87360",1,"Face"
"87361",1,"Face"
"87362",1,"Face"
"87363",1,"Face"
"87364",1,"Face"
"87365",1,"Face"
"87369",1,"Face"
"87370",1,"Face"
"87371",1,"Face"
"87372",1,"Face"
"87373",1,"Face"
"87374",2,"Face"
"87375",1,"Face"
"87379",1,"Face"
"8738",1,"General"
"8739",5,"General"
"87400",1,"Head/Neck"
"87401",2,"Head/Neck"
"87402",3,"Chest"
"87410",3,"Head/Neck"
"87411",3,"Head/Neck"
"87412",4,"Chest"
"8742",2,"Head/Neck"
"8743",2,"Head/Neck"
"8744",2,"Head/Neck"
"8745",4,"Head/Neck"
"8748",1,"General"
"8749",1,"General"
"8750",1,"Chest"
"8751",1,"General"
"8760",1,"Chest"
"8761",1,"General"
"8770",1,"General"
"8771",1,"General"
"8780",1,"General"
"8781",2,"Abdomen"
"8782",1,"Abdomen"
"8783",2,"Abdomen"
"8784",1,"Abdomen"
"8785",2,"Abdomen"
"8786",1,"Abdomen"
"8787",2,"Abdomen"
"8788",1,"Abdomen"
"8789",2,"Abdomen"
"8790",1,"General"
"8791",2,"General"
"8792",1,"Abdomen"
"8793",1,"Abdomen"
"8794",1,"Abdomen"
"8795",1,"Abdomen"
"8796",1,"Abdomen"
"8797",2,"Abdomen"
"8798",1,"General"
"8799",1,"General"
"88000",1,"General"
"88001",1,"General"
"88002",1,"General"
"88003",1,"General"
"88009",1,"General"
"88010",1,"General"
"88011",1,"General"
"88012",2,"General"
"88013",2,"General"
"88019",2,"General"
"88020",1,"Extremities"
"88021",1,"Extremities"
"88022",1,"Extremities"
"88023",1,"Extremities"
"88029",1,"Extremities"
"88100",1,"General"
"88101",1,"General"
"88102",1,"General"
"88110",1,"General"
"88111",1,"General"
"88112",1,"General"
"88120",1,"Extremities"
"88121",1,"Extremities"
"88122",1,"Extremities"
"8820",1,"General"
"8821",1,"General"
"8822",1,"Extremities"
"8830",1,"General"
"8831",1,"General"
"8832",1,"Extremities"
"8840",1,"General"
"8841",1,"General"
"8842",1,"Extremities"
"8850",2,"Extremities"
"8851",2,"Extremities"
"8860",2,"Extremities"
"8861",2,"Extremities"
"8870",3,"Extremities"
"8871",3,"Extremities"
"8872",3,"Extremities"
"8873",3,"Extremities"
"8874",3,"Extremities"
"8875",3,"Extremities"
"8876",3,"Extremities"
"8877",3,"Extremities"
"8900",1,"General"
"8901",1,"General"
"8902",2,"Extremities"
"8910",1,"Extremities"
"8911",2,"Extremities"
"8912",2,"Extremities"
"8920",1,"General"
"8921",1,"General"
"8922",2,"Extremities"
"8930",1,"General"
"8931",1,"General"
"8932",2,"Extremities"
"8940",1,"General"
"8941",2,"General"
"8942",2,"Extremities"
"8950",2,"Extremities"
"8951",2,"Extremities"
"8960",3,"Extremities"
"8961",3,"Extremities"
"8962",3,"Extremities"
"8963",3,"Extremities"
"8970",3,"Extremities"
"8971",3,"Extremities"
"8972",4,"Extremities"
"8973",4,"Extremities"
"8974",3,"Extremities"
"8975",4,"Extremities"
"8976",3,"Extremities"
"8977",3,"Extremities"
"90000",3,"Head/Neck"
"90001",3,"Head/Neck"
"90002",2,"Head/Neck"
"90003",3,"Head/Neck"
"9001",3,"Head/Neck"
"90081",1,"Head/Neck"
"90082",3,"Head/Neck"
"90089",3,"Head/Neck"
"9009",4,"Head/Neck"
"9010",5,"Chest"
"9011",3,"Chest"
"9012",3,"Chest"
"9013",3,"Chest"
"90140",4,"Chest"
"90141",3,"Chest"
"90142",3,"Chest"
"90181",2,"Chest"
"90182",3,"Chest"
"90183",3,"Chest"
"90189",2,"Chest"
"9019",2,"Chest"
"9020",4,"Abdomen"
"90210",3,"Abdomen"
"90211",3,"Abdomen"
"90219",4,"Abdomen"
"90220",3,"Abdomen"
"90221",3,"Abdomen"
"90222",3,"Abdomen"
"90223",3,"Abdomen"
"90224",3,"Abdomen"
"90225",3,"Abdomen"
"90226",3,"Abdomen"
"90227",3,"Abdomen"
"90229",3,"Abdomen"
"90231",3,"Abdomen"
"90232",3,"Abdomen"
"90233",3,"Abdomen"
"90234",3,"Abdomen"
"90239",3,"Abdomen"
"90240",3,"Abdomen"
"90241",3,"Abdomen"
"90242",3,"Abdomen"
"90249",3,"Abdomen"
"90250",3,"Abdomen"
"90251",3,"Abdomen"
"90252",3,"Abdomen"
"90253",3,"Abdomen"
"90254",3,"Abdomen"
"90255",3,"Abdomen"
"90256",3,"Abdomen"
"90259",3,"Abdomen"
"90281",3,"Abdomen"
"90282",3,"Abdomen"
"90287",3,"Abdomen"
"90289",3,"Abdomen"
"9029",3,"Abdomen"
"90300",2,"Chest"
"90301",2,"Extremities"
"90302",2,"Extremities"
"9031",3,"Extremities"
"9032",1,"Extremities"
"9033",1,"Extremities"
"9034",1,"Extremities"
"9035",1,"Extremities"
"9038",1,"Extremities"
"9039",1,"Extremities"
"9040",3,"Extremities"
"9041",3,"Extremities"
"9042",2,"Extremities"
"9043",1,"Extremities"
"90440",2,"Extremities"
"90441",2,"Extremities"
"90442",2,"Extremities"
"90450",1,"Extremities"
"90451",1,"Extremities"
"90452",1,"Extremities"
"90453",1,"Extremities"
"90454",1,"Extremities"
"9046",1,"Extremities"
"9047",1,"Extremities"
"9048",1,"Extremities"
"9049",3,"Extremities"
"9100",1,"General"
"9101",1,"General"
"9102",1,"General"
"9103",1,"Face"
"9104",1,"General"
"9105",1,"General"
"9106",1,"General"
"9107",1,"Face"
"9108",1,"General"
"9109",1,"General"
"9110",1,"General"
"9111",1,"General"
"9112",1,"General"
"9113",1,"General"
"9114",1,"General"
"9115",1,"General"
"9116",1,"General"
"9117",1,"General"
"9118",1,"General"
"9119",1,"General"
"9120",1,"General"
"9121",1,"General"
"9122",1,"General"
"9123",1,"General"
"9124",1,"General"
"9125",1,"General"
"9126",1,"General"
"9127",1,"General"
"9128",1,"General"
"9129",1,"General"
"9130",1,"General"
"9131",1,"General"
"9132",1,"General"
"9133",1,"Extremities"
"9134",1,"General"
"9135",1,"General"
"9136",1,"General"
"9137",1,"General"
"9138",1,"General"
"9139",1,"General"
"9140",1,"General"
"9141",1,"General"
"9142",1,"General"
"9143",1,"Extremities"
"9144",1,"Extremities"
"9145",1,"General"
"9146",1,"General"
"9147",1,"General"
"9148",1,"General"
"9149",1,"General"
"9150",1,"General"
"9151",1,"General"
"9152",1,"General"
"9153",2,"General"
"9154",1,"Extremities"
"9155",1,"General"
"9156",1,"General"
"9157",1,"General"
"9158",1,"General"
"9159",1,"General"
"9160",1,"General"
"9161",1,"General"
"9162",1,"General"
"9163",1,"General"
"9164",1,"General"
"9165",1,"General"
"9166",1,"General"
"9167",1,"General"
"9168",1,"General"
"9169",1,"General"
"9170",1,"General"
"9171",1,"General"
"9172",1,"General"
"9173",1,"General"
"9174",1,"General"
"9175",2,"General"
"9176",1,"General"
"9177",1,"General"
"9178",1,"General"
"9179",1,"General"
"9180",1,"General"
"9181",1,"Head/Neck"
"9182",1,"Head/Neck"
"9189",1,"Head/Neck"
"9190",1,"General"
"9191",1,"General"
"9192",1,"General"
"9193",1,"General"
"9194",1,"General"
"9195",1,"General"
"9196",1,"General"
"9197",1,"General"
"9198",1,"General"
"9199",1,"General"
"920",1,"General"
"9210",1,"Head/Neck"
"9211",1,"Head/Neck"
"9212",1,"Head/Neck"
"9213",1,"Head/Neck"
"9219",1,"Head/Neck"
"9220",1,"General"
"9221",1,"Chest"
"9222",1,"Abdomen"
"92231",1,"General"
"92232",1,"General"
"92233",1,"General"
"9224",1,"Abdomen"
"9228",1,"Abdomen"
"9229",1,"Abdomen"
"92300",1,"General"
"92301",1,"General"
"92302",1,"General"
"92303",1,"General"
"92309",1,"General"
"92310",1,"General"
"92311",1,"General"
"92320",1,"General"
"92321",1,"General"
"9233",1,"General"
"9238",1,"General"
"9239",1,"General"
"92400",1,"General"
"92401",1,"General"
"92410",1,"General"
"92411",1,"General"
"92420",1,"General"
"92421",1,"General"
"9243",1,"General"
"9244",1,"General"
"9245",1,"General"
"9248",1,"General"
"9249",1,"General"
"9251",1,"Head/Neck"
"9252",2,"Head/Neck"
"9260",2,"Abdomen"
"92611",1,"Chest"
"92612",1,"Chest"
"92619",2,"Chest"
"9268",6,"Chest"
"9269",1,"Chest"
"92700",3,"Extremities"
"92701",2,"Extremities"
"92702",3,"Extremities"
"92703",3,"Extremities"
"92709",3,"Extremities"
"92710",3,"Extremities"
"92711",3,"Extremities"
"92720",3,"Extremities"
"92721",3,"Extremities"
"9273",2,"Extremities"
"9278",3,"Extremities"
"9279",3,"Extremities"
"92800",4,"Extremities"
"92801",3,"Extremities"
"92810",2,"Extremities"
"92811",3,"Extremities"
"92820",2,"Extremities"
"92821",2,"Extremities"
"9283",2,"Extremities"
"9288",2,"Extremities"
"9289",2,"Extremities"
"9290",2,"Extremities"
"9299",6,"Extremities"
"9400",9,"General"
"9401",9,"General"
"9402",9,"Face"
"9403",9,"Face"
"9404",9,"Face"
"9405",9,"General"
"9409",9,"General"
"94100",9,"General"
"94101",9,"General"
"94102",9,"General"
"94103",9,"General"
"94104",9,"General"
"94105",9,"General"
"94106",9,"General"
"94107",9,"General"
"94108",9,"General"
"94109",9,"General"
"94110",9,"General"
"94111",9,"General"
"94112",9,"General"
"94113",9,"General"
"94114",9,"General"
"94115",9,"General"
"94116",9,"General"
"94117",9,"General"
"94118",9,"General"
"94119",9,"General"
"94120",9,"General"
"94121",9,"General"
"94122",9,"General"
"94123",9,"General"
"94124",9,"General"
"94125",9,"General"
"94126",9,"General"
"94127",9,"General"
"94128",9,"General"
"94129",9,"General"
"94130",9,"General"
"94131",9,"General"
"94132",9,"General"
"94133",9,"General"
"94134",9,"General"
"94135",9,"General"
"94136",9,"General"
"94137",9,"General"
"94138",9,"General"
"94139",9,"General"
"94140",9,"General"
"94141",9,"General"
"94142",9,"General"
"94143",9,"General"
"94144",9,"General"
"94145",9,"General"
"94146",9,"General"
"94147",9,"General"
"94148",9,"General"
"94149",9,"General"
"94150",9,"General"
"94151",9,"General"
"94152",9,"General"
"94153",9,"General"
"94154",9,"General"
"94155",9,"General"
"94156",9,"General"
"94157",9,"General"
"94158",9,"General"
"94159",9,"General"
"94200",9,"General"
"94201",9,"General"
"94202",9,"General"
"94203",9,"General"
"94204",9,"General"
"94205",9,"General"
"94209",9,"General"
"94210",9,"General"
"94211",9,"General"
"94212",9,"General"
"94213",9,"General"
"94214",9,"General"
"94215",9,"General"
"94219",9,"General"
"94220",9,"General"
"94221",9,"General"
"94222",9,"General"
"94223",9,"General"
"94224",9,"General"
"94225",9,"General"
"94229",9,"General"
"94230",9,"General"
"94231",9,"General"
"94232",9,"General"
"94233",9,"General"
"94234",9,"General"
"94235",9,"General"
"94239",9,"General"
"94240",9,"General"
"94241",9,"General"
"94242",9,"General"
"94243",9,"General"
"94244",9,"General"
"94245",9,"General"
"94249",9,"General"
"94250",9,"General"
"94251",9,"General"
"94252",9,"General"
"94253",9,"General"
"94254",9,"General"
"94255",9,"General"
"94259",9,"General"
"94300",9,"General"
"94301",9,"General"
"94302",9,"General"
"94303",9,"General"
"94304",9,"General"
"94305",9,"General"
"94306",9,"General"
"94309",9,"General"
"94310",9,"General"
"94311",9,"General"
"94312",9,"General"
"94313",9,"General"
"94314",9,"General"
"94315",9,"General"
"94316",9,"General"
"94319",9,"General"
"94320",9,"General"
"94321",9,"General"
"94322",9,"General"
"94323",9,"General"
"94324",9,"General"
"94325",9,"General"
"94326",9,"General"
"94329",9,"General"
"94330",9,"General"
"94331",9,"General"
"94332",9,"General"
"94333",9,"General"
"94334",9,"General"
"94335",9,"General"
"94336",9,"General"
"94339",9,"General"
"94340",9,"General"
"94341",9,"General"
"94342",9,"General"
"94343",9,"General"
"94344",9,"General"
"94345",9,"General"
"94346",9,"General"
"94349",9,"General"
"94350",9,"Extremities"
"94351",9,"Extremities"
"94352",9,"Extremities"
"94353",9,"Extremities"
"94354",9,"General"
"94355",9,"General"
"94356",9,"General"
"94359",9,"Extremities"
"94400",9,"General"
"94401",9,"General"
"94402",9,"General"
"94403",9,"General"
"94404",9,"General"
"94405",9,"General"
"94406",9,"General"
"94407",9,"General"
"94408",9,"General"
"94410",9,"General"
"94411",9,"General"
"94412",9,"General"
"94413",9,"General"
"94414",9,"General"
"94415",9,"General"
"94416",9,"General"
"94417",9,"General"
"94418",9,"General"
"94420",9,"General"
"94421",9,"General"
"94422",9,"General"
"94423",9,"General"
"94424",9,"General"
"94425",9,"General"
"94426",9,"General"
"94427",9,"General"
"94428",9,"General"
"94430",9,"General"
"94431",9,"General"
"94432",9,"General"
"94433",9,"General"
"94434",9,"General"
"94435",9,"General"
"94436",9,"General"
"94437",9,"General"
"94438",9,"General"
"94440",9,"General"
"94441",9,"General"
"94442",9,"General"
"94443",9,"General"
"94444",9,"General"
"94445",9,"General"
"94446",9,"General"
"94447",9,"General"
"94448",9,"General"
"94450",9,"Extremities"
"94451",9,"Extremities"
"94452",9,"Extremities"
"94453",9,"Extremities"
"94454",9,"Extremities"
"94455",9,"Extremities"
"94456",9,"Extremities"
"94457",9,"Extremities"
"94458",9,"Extremities"
"94500",9,"General"
"94501",9,"General"
"94502",9,"General"
"94503",9,"General"
"94504",9,"General"
"94505",9,"General"
"94506",9,"General"
"94509",9,"General"
"94510",9,"General"
"94511",9,"General"
"94512",9,"General"
"94513",9,"General"
"94514",9,"General"
"94515",9,"General"
"94516",9,"General"
"94519",9,"General"
"94520",9,"General"
"94521",9,"General"
"94522",9,"General"
"94523",9,"General"
"94524",9,"General"
"94525",9,"General"
"94526",9,"General"
"94529",9,"General"
"94530",9,"General"
"94531",9,"General"
"94532",9,"General"
"94533",9,"General"
"94534",9,"General"
"94535",9,"General"
"94536",9,"General"
"94539",9,"General"
"94540",9,"General"
"94541",9,"General"
"94542",9,"General"
"94543",9,"General"
"94544",9,"General"
"94545",9,"General"
"94546",9,"General"
"94549",9,"General"
"94550",9,"Extremities"
"94551",9,"Extremities"
"94552",9,"Extremities"
"94553",9,"General"
"94554",9,"Extremities"
"94555",9,"General"
"94556",9,"General"
"94559",9,"Extremities"
"9460",9,"General"
"9461",9,"General"
"9462",9,"General"
"9463",9,"General"
"9464",9,"General"
"9465",9,"General"
"9470",9,"General"
"9471",9,"General"
"9472",9,"General"
"9473",9,"General"
"9474",9,"General"
"9478",9,"General"
"9479",9,"General"
"94800",9,"General"
"94810",9,"General"
"94811",9,"General"
"94820",9,"General"
"94821",9,"General"
"94822",9,"General"
"94830",9,"General"
"94831",9,"General"
"94832",9,"General"
"94833",9,"General"
"94840",9,"General"
"94841",9,"General"
"94842",9,"General"
"94843",9,"General"
"94844",9,"General"
"94850",9,"General"
"94851",9,"General"
"94852",9,"General"
"94853",9,"General"
"94854",9,"General"
"94855",9,"General"
"94860",9,"General"
"94861",9,"General"
"94862",9,"General"
"94863",9,"General"
"94864",9,"General"
"94865",9,"General"
"94866",9,"General"
"94870",9,"General"
"94871",9,"General"
"94872",9,"General"
"94873",9,"General"
"94874",9,"General"
"94875",9,"General"
"94876",9,"General"
"94877",9,"General"
"94880",9,"General"
"94881",9,"General"
"94882",9,"General"
"94883",9,"General"
"94884",9,"General"
"94885",9,"General"
"94886",9,"General"
"94887",9,"General"
"94888",9,"General"
"94890",9,"General"
"94891",9,"General"
"94892",9,"General"
"94893",9,"General"
"94894",9,"General"
"94895",9,"General"
"94896",9,"General"
"94897",9,"General"
"94898",9,"General"
"94899",9,"General"
"9490",9,"General"
"9491",9,"General"
"9492",9,"General"
"9493",9,"General"
"9494",9,"General"
"9495",9,"General"
"9500",2,"Head/Neck"
"9501",2,"Head/Neck"
"9502",2,"Head/Neck"
"9503",1,"Head/Neck"
"9509",2,"Head/Neck"
"9510",2,"Head/Neck"
"9511",2,"Head/Neck"
"9512",2,"Head/Neck"
"9513",2,"Head/Neck"
"9514",2,"Head/Neck"
"9515",2,"Head/Neck"
"9516",2,"Head/Neck"
"9517",2,"Head/Neck"
"9518",2,"Head/Neck"
"9519",2,"Head/Neck"
"95200",3,"Head/Neck"
"95201",6,"Head/Neck"
"95202",4,"Head/Neck"
"95203",4,"Head/Neck"
"95204",4,"Head/Neck"
"95205",3,"Head/Neck"
"95206",5,"Head/Neck"
"95207",4,"Head/Neck"
"95208",4,"Head/Neck"
"95209",4,"Head/Neck"
"95210",3,"Chest"
"95211",5,"Chest"
"95212",4,"Chest"
"95213",4,"Chest"
"95214",5,"Chest"
"95215",3,"Chest"
"95216",5,"Chest"
"95217",4,"Chest"
"95218",4,"Chest"
"95219",4,"Chest"
"9522",3,"Abdomen"
"9523",3,"Abdomen"
"9524",3,"Abdomen"
"9528",3,"Abdomen"
"9529",3,"Abdomen"
"9530",2,"Head/Neck"
"9531",2,"Chest"
"9532",2,"Abdomen"
"9533",2,"Abdomen"
"9534",2,"Head/Neck"
"9535",2,"Abdomen"
"9538",2,"Head/Neck"
"9539",2,"Head/Neck"
"9540",2,"Head/Neck"
"9541",2,"Abdomen"
"9548",2,"Abdomen"
"9549",2,"Abdomen"
"9550",2,"Extremities"
"9551",2,"Extremities"
"9552",2,"Extremities"
"9553",2,"Extremities"
"9554",2,"Extremities"
"9555",2,"Extremities"
"9556",1,"Extremities"
"9557",2,"Extremities"
"9558",2,"Extremities"
"9559",1,"Extremities"
"9560",2,"Extremities"
"9561",2,"Extremities"
"9562",2,"Extremities"
"9563",2,"Extremities"
"9564",2,"Extremities"
"9565",2,"Extremities"
"9568",2,"Extremities"
"9569",2,"Extremities"
"9570",2,"Head/Neck"
"9571",2,"Head/Neck"
"9578",1,"Head/Neck"
"9579",2,"Head/Neck"
"95901",2,"Head/Neck"
"95909",1,"Face"
"9591",1,"General"
"95911",1,"Chest"
"95912",1,"Abdomen"
"95913",1,"Abdomen"
"95914",1,"Abdomen"
"95919",1,"General"
"9592",1,"Extremities"
"9593",1,"Extremities"
"9594",2,"Extremities"
"9595",1,"Extremities"
"9596",1,"Extremities"
"9597",1,"Extremities"
"9598",1,"General"
"9599",1,"General"
