i10,i9,severity,issbr,n_unique,n_unique_br,i10_desc,i9_desc
S01301A,87200,1,6,2,2,"Unspecified open wound of right ear, initial encounter","Open wound of external ear, unspecified site, without mention of complication"
S01301A,87202,1,2,2,2,"Unspecified open wound of right ear, initial encounter","Open wound of auditory canal, without mention of complication"
S01302A,87200,1,6,2,2,"Unspecified open wound of left ear, initial encounter","Open wound of external ear, unspecified site, without mention of complication"
S01302A,87201,1,2,2,2,"Unspecified open wound of left ear, initial encounter","Open wound of auricle, ear, without mention of complication"
S01302A,87202,1,2,2,2,"Unspecified open wound of left ear, initial encounter","Open wound of auditory canal, without mention of complication"
S01309A,87200,1,6,2,2,"Unspecified open wound of unspecified ear, initial encounter","Open wound of external ear, unspecified site, without mention of complication"
S01309A,87201,1,2,2,2,"Unspecified open wound of unspecified ear, initial encounter","Open wound of auricle, ear, without mention of complication"
S038XXA,8480,1,2,2,2,"Sprain of joints and ligaments of other parts of head, initial encounter",Sprain of septal cartilage of nose
S038XXA,8488,1,5,2,2,"Sprain of joints and ligaments of other parts of head, initial encounter",Other specified sites of sprains and strains
S0590XA,8719,1,2,2,2,"Unspecified injury of unspecified eye and orbit, initial encounter",Unspecified open wound of eyeball
S0590XA,9189,1,1,2,2,"Unspecified injury of unspecified eye and orbit, initial encounter",Other and unspecified superficial injuries of eye
S0590XA,9219,1,1,2,2,"Unspecified injury of unspecified eye and orbit, initial encounter",Unspecified contusion of eye
S09391A,87262,1,2,3,2,"Other specified injury of right middle and inner ear, initial encounter","Open wound of ossicles, without mention of complication"
S09391A,87263,2,2,3,2,"Other specified injury of right middle and inner ear, initial encounter","Open wound of eustachian tube, without mention of complication"
S09391A,87264,1,2,3,2,"Other specified injury of right middle and inner ear, initial encounter","Open wound of cochlea, without mention of complication"
S09391A,87269,1,6,3,2,"Other specified injury of right middle and inner ear, initial encounter","Open wound of other and multiple sites of ear, without mention of complication"
S09391A,87272,1,2,3,2,"Other specified injury of right middle and inner ear, initial encounter","Open wound of ossicles, complicated"
S09391A,87273,1,2,3,2,"Other specified injury of right middle and inner ear, initial encounter","Open wound of eustachian tube, complicated"
S09391A,87274,2,2,3,2,"Other specified injury of right middle and inner ear, initial encounter","Open wound of cochlea, complicated"
S09392A,87262,1,2,3,2,"Other specified injury of left middle and inner ear, initial encounter","Open wound of ossicles, without mention of complication"
S09392A,87263,2,2,3,2,"Other specified injury of left middle and inner ear, initial encounter","Open wound of eustachian tube, without mention of complication"
S09392A,87264,1,2,3,2,"Other specified injury of left middle and inner ear, initial encounter","Open wound of cochlea, without mention of complication"
S09392A,87269,1,6,3,2,"Other specified injury of left middle and inner ear, initial encounter","Open wound of other and multiple sites of ear, without mention of complication"
S09392A,87272,1,2,3,2,"Other specified injury of left middle and inner ear, initial encounter","Open wound of ossicles, complicated"
S09392A,87273,1,2,3,2,"Other specified injury of left middle and inner ear, initial encounter","Open wound of eustachian tube, complicated"
S09392A,87274,2,2,3,2,"Other specified injury of left middle and inner ear, initial encounter","Open wound of cochlea, complicated"
S09399A,87262,1,2,3,2,"Other specified injury of unspecified middle and inner ear, initial encounter","Open wound of ossicles, without mention of complication"
S09399A,87263,2,2,3,2,"Other specified injury of unspecified middle and inner ear, initial encounter","Open wound of eustachian tube, without mention of complication"
S09399A,87264,1,2,3,2,"Other specified injury of unspecified middle and inner ear, initial encounter","Open wound of cochlea, without mention of complication"
S09399A,87269,1,6,3,2,"Other specified injury of unspecified middle and inner ear, initial encounter","Open wound of other and multiple sites of ear, without mention of complication"
S09399A,87272,1,2,3,2,"Other specified injury of unspecified middle and inner ear, initial encounter","Open wound of ossicles, complicated"
S09399A,87273,1,2,3,2,"Other specified injury of unspecified middle and inner ear, initial encounter","Open wound of eustachian tube, complicated"
S09399A,87274,2,2,3,2,"Other specified injury of unspecified middle and inner ear, initial encounter","Open wound of cochlea, complicated"
S098XXA,8738,1,6,3,2,"Other specified injuries of head, initial encounter",Other and unspecified open wound of head without mention of complication
S098XXA,8739,5,6,3,2,"Other specified injuries of head, initial encounter","Other and unspecified open wound of head, complicated"
S098XXA,95901,2,1,3,2,"Other specified injuries of head, initial encounter","Head injury, unspecified"
S0990XA,8738,1,6,3,2,"Unspecified injury of head, initial encounter",Other and unspecified open wound of head without mention of complication
S0990XA,8739,5,6,3,2,"Unspecified injury of head, initial encounter","Other and unspecified open wound of head, complicated"
S0990XA,95901,2,1,3,2,"Unspecified injury of head, initial encounter","Head injury, unspecified"
S249XXA,9549,2,4,2,2,"Injury of unspecified nerve of thorax, initial encounter","Injury to unspecified nerve of trunk, excluding shoulder and pelvic girdles"
S249XXA,9579,2,1,2,2,"Injury of unspecified nerve of thorax, initial encounter","Injury to nerves, unspecified site"
S31000A,8760,1,3,2,2,"Unspecified open wound of lower back and pelvis without penetration into retroperitoneum, initial encounter","Open wound of back, without mention of complication"
S31000A,8796,1,4,2,2,"Unspecified open wound of lower back and pelvis without penetration into retroperitoneum, initial encounter","Open wound of other and unspecified parts of trunk, without mention of complication"
S31010A,8760,1,3,3,3,"Laceration without foreign body of lower back and pelvis without penetration into retroperitoneum, initial encounter","Open wound of back, without mention of complication"
S31010A,8796,1,4,3,3,"Laceration without foreign body of lower back and pelvis without penetration into retroperitoneum, initial encounter","Open wound of other and unspecified parts of trunk, without mention of complication"
S31010A,8798,1,6,3,3,"Laceration without foreign body of lower back and pelvis without penetration into retroperitoneum, initial encounter","Open wound(s) (multiple) of unspecified site(s), without mention of complication"
S31020A,8761,1,6,2,2,"Laceration with foreign body of lower back and pelvis without penetration into retroperitoneum, initial encounter","Open wound of back, complicated"
S31020A,8797,2,4,2,2,"Laceration with foreign body of lower back and pelvis without penetration into retroperitoneum, initial encounter","Open wound of other and unspecified parts of trunk, complicated"
S31020A,8799,1,6,2,2,"Laceration with foreign body of lower back and pelvis without penetration into retroperitoneum, initial encounter","Open wound(s) (multiple) of unspecified site(s), complicated"
S31030A,8760,1,3,3,3,"Puncture wound without foreign body of lower back and pelvis without penetration into retroperitoneum, initial encounter","Open wound of back, without mention of complication"
S31030A,8796,1,4,3,3,"Puncture wound without foreign body of lower back and pelvis without penetration into retroperitoneum, initial encounter","Open wound of other and unspecified parts of trunk, without mention of complication"
S31030A,8798,1,6,3,3,"Puncture wound without foreign body of lower back and pelvis without penetration into retroperitoneum, initial encounter","Open wound(s) (multiple) of unspecified site(s), without mention of complication"
S31040A,8761,1,6,2,2,"Puncture wound with foreign body of lower back and pelvis without penetration into retroperitoneum, initial encounter","Open wound of back, complicated"
S31040A,8797,2,4,2,2,"Puncture wound with foreign body of lower back and pelvis without penetration into retroperitoneum, initial encounter","Open wound of other and unspecified parts of trunk, complicated"
S31040A,8799,1,6,2,2,"Puncture wound with foreign body of lower back and pelvis without penetration into retroperitoneum, initial encounter","Open wound(s) (multiple) of unspecified site(s), complicated"
S31050A,8760,1,3,3,3,"Open bite of lower back and pelvis without penetration into retroperitoneum, initial encounter","Open wound of back, without mention of complication"
S31050A,8796,1,4,3,3,"Open bite of lower back and pelvis without penetration into retroperitoneum, initial encounter","Open wound of other and unspecified parts of trunk, without mention of complication"
S31050A,8798,1,6,3,3,"Open bite of lower back and pelvis without penetration into retroperitoneum, initial encounter","Open wound(s) (multiple) of unspecified site(s), without mention of complication"
S3339XA,83949,3,3,2,2,"Dislocation of other parts of lumbar spine and pelvis, initial encounter","Closed dislocation, vertebra, other"
S3339XA,83969,3,5,2,2,"Dislocation of other parts of lumbar spine and pelvis, initial encounter","Closed dislocation, other location"
S339XXA,8469,1,5,2,2,"Sprain of unspecified parts of lumbar spine and pelvis, initial encounter",Sprain of unspecified site of sacroiliac region
S339XXA,8479,1,3,2,2,"Sprain of unspecified parts of lumbar spine and pelvis, initial encounter",Sprain of unspecified site of back
S339XXA,8485,1,5,2,2,"Sprain of unspecified parts of lumbar spine and pelvis, initial encounter",Sprain of pelvic
S349XXA,9549,2,4,2,2,"Injury of unspecified nerves at abdomen, lower back and pelvis level, initial encounter","Injury to unspecified nerve of trunk, excluding shoulder and pelvic girdles"
S349XXA,9579,2,1,2,2,"Injury of unspecified nerves at abdomen, lower back and pelvis level, initial encounter","Injury to nerves, unspecified site"
S4490XA,9559,1,5,2,2,"Injury of unspecified nerve at shoulder and upper arm level, unspecified arm, initial encounter",Injury to unspecified nerve of shoulder girdle and upper limb
S4490XA,9579,2,1,2,2,"Injury of unspecified nerve at shoulder and upper arm level, unspecified arm, initial encounter","Injury to nerves, unspecified site"
S4491XA,9559,1,5,2,2,"Injury of unspecified nerve at shoulder and upper arm level, right arm, initial encounter",Injury to unspecified nerve of shoulder girdle and upper limb
S4491XA,9579,2,1,2,2,"Injury of unspecified nerve at shoulder and upper arm level, right arm, initial encounter","Injury to nerves, unspecified site"
S4492XA,9559,1,5,2,2,"Injury of unspecified nerve at shoulder and upper arm level, left arm, initial encounter",Injury to unspecified nerve of shoulder girdle and upper limb
S4492XA,9579,2,1,2,2,"Injury of unspecified nerve at shoulder and upper arm level, left arm, initial encounter","Injury to nerves, unspecified site"
S45801A,90300,2,3,2,2,"Unspecified injury of other specified blood vessels at shoulder and upper arm level, right arm, initial encounter","Injury to axillary vessel(s), unspecified"
S45801A,9038,1,5,2,2,"Unspecified injury of other specified blood vessels at shoulder and upper arm level, right arm, initial encounter",Injury to other specified blood vessels of upper extremity
S45802A,90300,2,3,2,2,"Unspecified injury of other specified blood vessels at shoulder and upper arm level, left arm, initial encounter","Injury to axillary vessel(s), unspecified"
S45802A,9038,1,5,2,2,"Unspecified injury of other specified blood vessels at shoulder and upper arm level, left arm, initial encounter",Injury to other specified blood vessels of upper extremity
S45809A,90300,2,3,2,2,"Unspecified injury of other specified blood vessels at shoulder and upper arm level, unspecified arm, initial encounter","Injury to axillary vessel(s), unspecified"
S45809A,9038,1,5,2,2,"Unspecified injury of other specified blood vessels at shoulder and upper arm level, unspecified arm, initial encounter",Injury to other specified blood vessels of upper extremity
S45811A,90300,2,3,2,2,"Laceration of other specified blood vessels at shoulder and upper arm level, right arm, initial encounter","Injury to axillary vessel(s), unspecified"
S45811A,9038,1,5,2,2,"Laceration of other specified blood vessels at shoulder and upper arm level, right arm, initial encounter",Injury to other specified blood vessels of upper extremity
S45812A,90300,2,3,2,2,"Laceration of other specified blood vessels at shoulder and upper arm level, left arm, initial encounter","Injury to axillary vessel(s), unspecified"
S45812A,9038,1,5,2,2,"Laceration of other specified blood vessels at shoulder and upper arm level, left arm, initial encounter",Injury to other specified blood vessels of upper extremity
S45819A,90300,2,3,2,2,"Laceration of other specified blood vessels at shoulder and upper arm level, unspecified arm, initial encounter","Injury to axillary vessel(s), unspecified"
S45819A,9038,1,5,2,2,"Laceration of other specified blood vessels at shoulder and upper arm level, unspecified arm, initial encounter",Injury to other specified blood vessels of upper extremity
S45891A,90300,2,3,2,2,"Other specified injury of other specified blood vessels at shoulder and upper arm level, right arm, initial encounter","Injury to axillary vessel(s), unspecified"
S45891A,9038,1,5,2,2,"Other specified injury of other specified blood vessels at shoulder and upper arm level, right arm, initial encounter",Injury to other specified blood vessels of upper extremity
S45892A,90300,2,3,2,2,"Other specified injury of other specified blood vessels at shoulder and upper arm level, left arm, initial encounter","Injury to axillary vessel(s), unspecified"
S45892A,9038,1,5,2,2,"Other specified injury of other specified blood vessels at shoulder and upper arm level, left arm, initial encounter",Injury to other specified blood vessels of upper extremity
S45899A,90300,2,3,2,2,"Other specified injury of other specified blood vessels at shoulder and upper arm level, unspecified arm, initial encounter","Injury to axillary vessel(s), unspecified"
S45899A,9038,1,5,2,2,"Other specified injury of other specified blood vessels at shoulder and upper arm level, unspecified arm, initial encounter",Injury to other specified blood vessels of upper extremity
S5490XA,9559,1,5,2,2,"Injury of unspecified nerve at forearm level, unspecified arm, initial encounter",Injury to unspecified nerve of shoulder girdle and upper limb
S5490XA,9579,2,1,2,2,"Injury of unspecified nerve at forearm level, unspecified arm, initial encounter","Injury to nerves, unspecified site"
S5491XA,9559,1,5,2,2,"Injury of unspecified nerve at forearm level, right arm, initial encounter",Injury to unspecified nerve of shoulder girdle and upper limb
S5491XA,9579,2,1,2,2,"Injury of unspecified nerve at forearm level, right arm, initial encounter","Injury to nerves, unspecified site"
S5492XA,9559,1,5,2,2,"Injury of unspecified nerve at forearm level, left arm, initial encounter",Injury to unspecified nerve of shoulder girdle and upper limb
S5492XA,9579,2,1,2,2,"Injury of unspecified nerve at forearm level, left arm, initial encounter","Injury to nerves, unspecified site"
S6490XA,9559,1,5,2,2,"Injury of unspecified nerve at wrist and hand level of unspecified arm, initial encounter",Injury to unspecified nerve of shoulder girdle and upper limb
S6490XA,9579,2,1,2,2,"Injury of unspecified nerve at wrist and hand level of unspecified arm, initial encounter","Injury to nerves, unspecified site"
S6491XA,9559,1,5,2,2,"Injury of unspecified nerve at wrist and hand level of right arm, initial encounter",Injury to unspecified nerve of shoulder girdle and upper limb
S6491XA,9579,2,1,2,2,"Injury of unspecified nerve at wrist and hand level of right arm, initial encounter","Injury to nerves, unspecified site"
S6492XA,9559,1,5,2,2,"Injury of unspecified nerve at wrist and hand level of left arm, initial encounter",Injury to unspecified nerve of shoulder girdle and upper limb
S6492XA,9579,2,1,2,2,"Injury of unspecified nerve at wrist and hand level of left arm, initial encounter","Injury to nerves, unspecified site"
S7490XA,9569,2,5,2,2,"Injury of unspecified nerve at hip and thigh level, unspecified leg, initial encounter",Injury to unspecified nerve of pelvic girdle and lower limb
S7490XA,9579,2,1,2,2,"Injury of unspecified nerve at hip and thigh level, unspecified leg, initial encounter","Injury to nerves, unspecified site"
S7491XA,9569,2,5,2,2,"Injury of unspecified nerve at hip and thigh level, right leg, initial encounter",Injury to unspecified nerve of pelvic girdle and lower limb
S7491XA,9579,2,1,2,2,"Injury of unspecified nerve at hip and thigh level, right leg, initial encounter","Injury to nerves, unspecified site"
S7492XA,9569,2,5,2,2,"Injury of unspecified nerve at hip and thigh level, left leg, initial encounter",Injury to unspecified nerve of pelvic girdle and lower limb
S7492XA,9579,2,1,2,2,"Injury of unspecified nerve at hip and thigh level, left leg, initial encounter","Injury to nerves, unspecified site"
S8490XA,9569,2,5,2,2,"Injury of unspecified nerve at lower leg level, unspecified leg, initial encounter",Injury to unspecified nerve of pelvic girdle and lower limb
S8490XA,9579,2,1,2,2,"Injury of unspecified nerve at lower leg level, unspecified leg, initial encounter","Injury to nerves, unspecified site"
S8491XA,9569,2,5,2,2,"Injury of unspecified nerve at lower leg level, right leg, initial encounter",Injury to unspecified nerve of pelvic girdle and lower limb
S8491XA,9579,2,1,2,2,"Injury of unspecified nerve at lower leg level, right leg, initial encounter","Injury to nerves, unspecified site"
S8492XA,9569,2,5,2,2,"Injury of unspecified nerve at lower leg level, left leg, initial encounter",Injury to unspecified nerve of pelvic girdle and lower limb
S8492XA,9579,2,1,2,2,"Injury of unspecified nerve at lower leg level, left leg, initial encounter","Injury to nerves, unspecified site"
S9490XA,9569,2,5,2,2,"Injury of unspecified nerve at ankle and foot level, unspecified leg, initial encounter",Injury to unspecified nerve of pelvic girdle and lower limb
S9490XA,9579,2,1,2,2,"Injury of unspecified nerve at ankle and foot level, unspecified leg, initial encounter","Injury to nerves, unspecified site"
S9491XA,9569,2,5,2,2,"Injury of unspecified nerve at ankle and foot level, right leg, initial encounter",Injury to unspecified nerve of pelvic girdle and lower limb
S9491XA,9579,2,1,2,2,"Injury of unspecified nerve at ankle and foot level, right leg, initial encounter","Injury to nerves, unspecified site"
S9492XA,9569,2,5,2,2,"Injury of unspecified nerve at ankle and foot level, left leg, initial encounter",Injury to unspecified nerve of pelvic girdle and lower limb
S9492XA,9579,2,1,2,2,"Injury of unspecified nerve at ankle and foot level, left leg, initial encounter","Injury to nerves, unspecified site"
T22311A,94331,9,6,2,2,"Burn of third degree of right forearm, initial encounter","Full-thickness skin loss [third degree, not otherwise specified] of forearm"
T22311A,94341,9,6,2,2,"Burn of third degree of right forearm, initial encounter","Deep necrosis of underlying tissues [deep third degree] without mention of loss of a body part, of forearm"
T22311A,94351,9,5,2,2,"Burn of third degree of right forearm, initial encounter","Deep necrosis of underlying tissues [deep third degree) with loss of a body part, of forearm"
T22312A,94331,9,6,2,2,"Burn of third degree of left forearm, initial encounter","Full-thickness skin loss [third degree, not otherwise specified] of forearm"
T22312A,94341,9,6,2,2,"Burn of third degree of left forearm, initial encounter","Deep necrosis of underlying tissues [deep third degree] without mention of loss of a body part, of forearm"
T22312A,94351,9,5,2,2,"Burn of third degree of left forearm, initial encounter","Deep necrosis of underlying tissues [deep third degree) with loss of a body part, of forearm"
T22321A,94332,9,6,2,2,"Burn of third degree of right elbow, initial encounter","Full-thickness skin loss [third degree, not otherwise specified] of elbow"
T22321A,94342,9,6,2,2,"Burn of third degree of right elbow, initial encounter","Deep necrosis of underlying tissues [deep third degree] without mention of loss of a body part, of elbow"
T22321A,94352,9,5,2,2,"Burn of third degree of right elbow, initial encounter","Deep necrosis of underlying tissues [deep third degree] with loss of a body part, of elbow"
T22322A,94332,9,6,2,2,"Burn of third degree of left elbow, initial encounter","Full-thickness skin loss [third degree, not otherwise specified] of elbow"
T22322A,94342,9,6,2,2,"Burn of third degree of left elbow, initial encounter","Deep necrosis of underlying tissues [deep third degree] without mention of loss of a body part, of elbow"
T22322A,94352,9,5,2,2,"Burn of third degree of left elbow, initial encounter","Deep necrosis of underlying tissues [deep third degree] with loss of a body part, of elbow"
T22331A,94333,9,6,2,2,"Burn of third degree of right upper arm, initial encounter","Full-thickness skin loss [third degree, not otherwise specified] of upper arm"
T22331A,94343,9,6,2,2,"Burn of third degree of right upper arm, initial encounter","Deep necrosis of underlying tissues [deep third degree] without mention of loss of a body part, of upper arm"
T22331A,94353,9,5,2,2,"Burn of third degree of right upper arm, initial encounter","Deep necrosis of underlying tissues [deep third degree] with loss of a body part, of upper arm"
T22332A,94333,9,6,2,2,"Burn of third degree of left upper arm, initial encounter","Full-thickness skin loss [third degree, not otherwise specified] of upper arm"
T22332A,94343,9,6,2,2,"Burn of third degree of left upper arm, initial encounter","Deep necrosis of underlying tissues [deep third degree] without mention of loss of a body part, of upper arm"
T22332A,94353,9,5,2,2,"Burn of third degree of left upper arm, initial encounter","Deep necrosis of underlying tissues [deep third degree] with loss of a body part, of upper arm"
T22391A,94339,9,6,2,2,"Burn of third degree of multiple sites of right shoulder and upper limb, except wrist and hand, initial encounter","Full-thickness skin loss [third degree, not otherwise specified] of multiple sites of upper limb, except wrist and hand"
T22391A,94349,9,6,2,2,"Burn of third degree of multiple sites of right shoulder and upper limb, except wrist and hand, initial encounter","Deep necrosis of underlying tissues [deep third degree] without mention of loss of a body part, of multiple sites of upper limb, except wrist and hand"
T22391A,94359,9,5,2,2,"Burn of third degree of multiple sites of right shoulder and upper limb, except wrist and hand, initial encounter","Deep necrosis of underlying tissues [deep third degree] with loss of a body part, of multiple sites of upper limb, except wrist and hand"
T22392A,94339,9,6,2,2,"Burn of third degree of multiple sites of left shoulder and upper limb, except wrist and hand, initial encounter","Full-thickness skin loss [third degree, not otherwise specified] of multiple sites of upper limb, except wrist and hand"
T22392A,94349,9,6,2,2,"Burn of third degree of multiple sites of left shoulder and upper limb, except wrist and hand, initial encounter","Deep necrosis of underlying tissues [deep third degree] without mention of loss of a body part, of multiple sites of upper limb, except wrist and hand"
T22392A,94359,9,5,2,2,"Burn of third degree of multiple sites of left shoulder and upper limb, except wrist and hand, initial encounter","Deep necrosis of underlying tissues [deep third degree] with loss of a body part, of multiple sites of upper limb, except wrist and hand"
T22711A,94331,9,6,2,2,"Corrosion of third degree of right forearm, initial encounter","Full-thickness skin loss [third degree, not otherwise specified] of forearm"
T22711A,94341,9,6,2,2,"Corrosion of third degree of right forearm, initial encounter","Deep necrosis of underlying tissues [deep third degree] without mention of loss of a body part, of forearm"
T22711A,94351,9,5,2,2,"Corrosion of third degree of right forearm, initial encounter","Deep necrosis of underlying tissues [deep third degree) with loss of a body part, of forearm"
T22712A,94331,9,6,2,2,"Corrosion of third degree of left forearm, initial encounter","Full-thickness skin loss [third degree, not otherwise specified] of forearm"
T22712A,94341,9,6,2,2,"Corrosion of third degree of left forearm, initial encounter","Deep necrosis of underlying tissues [deep third degree] without mention of loss of a body part, of forearm"
T22712A,94351,9,5,2,2,"Corrosion of third degree of left forearm, initial encounter","Deep necrosis of underlying tissues [deep third degree) with loss of a body part, of forearm"
T22721A,94332,9,6,2,2,"Corrosion of third degree of right elbow, initial encounter","Full-thickness skin loss [third degree, not otherwise specified] of elbow"
T22721A,94342,9,6,2,2,"Corrosion of third degree of right elbow, initial encounter","Deep necrosis of underlying tissues [deep third degree] without mention of loss of a body part, of elbow"
T22721A,94352,9,5,2,2,"Corrosion of third degree of right elbow, initial encounter","Deep necrosis of underlying tissues [deep third degree] with loss of a body part, of elbow"
T22722A,94332,9,6,2,2,"Corrosion of third degree of left elbow, initial encounter","Full-thickness skin loss [third degree, not otherwise specified] of elbow"
T22722A,94342,9,6,2,2,"Corrosion of third degree of left elbow, initial encounter","Deep necrosis of underlying tissues [deep third degree] without mention of loss of a body part, of elbow"
T22722A,94352,9,5,2,2,"Corrosion of third degree of left elbow, initial encounter","Deep necrosis of underlying tissues [deep third degree] with loss of a body part, of elbow"
T22731A,94333,9,6,2,2,"Corrosion of third degree of right upper arm, initial encounter","Full-thickness skin loss [third degree, not otherwise specified] of upper arm"
T22731A,94343,9,6,2,2,"Corrosion of third degree of right upper arm, initial encounter","Deep necrosis of underlying tissues [deep third degree] without mention of loss of a body part, of upper arm"
T22731A,94353,9,5,2,2,"Corrosion of third degree of right upper arm, initial encounter","Deep necrosis of underlying tissues [deep third degree] with loss of a body part, of upper arm"
T22732A,94333,9,6,2,2,"Corrosion of third degree of left upper arm, initial encounter","Full-thickness skin loss [third degree, not otherwise specified] of upper arm"
T22732A,94343,9,6,2,2,"Corrosion of third degree of left upper arm, initial encounter","Deep necrosis of underlying tissues [deep third degree] without mention of loss of a body part, of upper arm"
T22732A,94353,9,5,2,2,"Corrosion of third degree of left upper arm, initial encounter","Deep necrosis of underlying tissues [deep third degree] with loss of a body part, of upper arm"
T22791A,94339,9,6,2,2,"Corrosion of third degree of multiple sites of right shoulder and upper limb, except wrist and hand, initial encounter","Full-thickness skin loss [third degree, not otherwise specified] of multiple sites of upper limb, except wrist and hand"
T22791A,94349,9,6,2,2,"Corrosion of third degree of multiple sites of right shoulder and upper limb, except wrist and hand, initial encounter","Deep necrosis of underlying tissues [deep third degree] without mention of loss of a body part, of multiple sites of upper limb, except wrist and hand"
T22791A,94359,9,5,2,2,"Corrosion of third degree of multiple sites of right shoulder and upper limb, except wrist and hand, initial encounter","Deep necrosis of underlying tissues [deep third degree] with loss of a body part, of multiple sites of upper limb, except wrist and hand"
T22792A,94339,9,6,2,2,"Corrosion of third degree of multiple sites of left shoulder and upper limb, except wrist and hand, initial encounter","Full-thickness skin loss [third degree, not otherwise specified] of multiple sites of upper limb, except wrist and hand"
T22792A,94349,9,6,2,2,"Corrosion of third degree of multiple sites of left shoulder and upper limb, except wrist and hand, initial encounter","Deep necrosis of underlying tissues [deep third degree] without mention of loss of a body part, of multiple sites of upper limb, except wrist and hand"
T22792A,94359,9,5,2,2,"Corrosion of third degree of multiple sites of left shoulder and upper limb, except wrist and hand, initial encounter","Deep necrosis of underlying tissues [deep third degree] with loss of a body part, of multiple sites of upper limb, except wrist and hand"
T23301A,94430,9,6,2,2,"Burn of third degree of right hand, unspecified site, initial encounter","Full-thickness skin loss [third degree, not otherwise specified] of hand, unspecified site"
T23301A,94440,9,6,2,2,"Burn of third degree of right hand, unspecified site, initial encounter","Deep necrosis of underlying tissues [deep third degree] without mention of loss of a body part, hand, unspecified site"
T23301A,94450,9,5,2,2,"Burn of third degree of right hand, unspecified site, initial encounter","Deep necrosis of underlying tissues [deep third degree] with loss of a body part, of hand, unspecified site"
T23302A,94430,9,6,2,2,"Burn of third degree of left hand, unspecified site, initial encounter","Full-thickness skin loss [third degree, not otherwise specified] of hand, unspecified site"
T23302A,94440,9,6,2,2,"Burn of third degree of left hand, unspecified site, initial encounter","Deep necrosis of underlying tissues [deep third degree] without mention of loss of a body part, hand, unspecified site"
T23302A,94450,9,5,2,2,"Burn of third degree of left hand, unspecified site, initial encounter","Deep necrosis of underlying tissues [deep third degree] with loss of a body part, of hand, unspecified site"
T23311A,94432,9,6,2,2,"Burn of third degree of right thumb (nail), initial encounter","Full-thickness skin loss [third degree, not otherwise specified] of thumb (nail)"
T23311A,94442,9,6,2,2,"Burn of third degree of right thumb (nail), initial encounter","Deep necrosis of underlying tissues [deep third degree] without mention of loss of a body part, thumb (nail)"
T23311A,94452,9,5,2,2,"Burn of third degree of right thumb (nail), initial encounter","Deep necrosis of underlying tissues [deep third degree] with loss of a body part, of thumb (nail)"
T23312A,94432,9,6,2,2,"Burn of third degree of left thumb (nail), initial encounter","Full-thickness skin loss [third degree, not otherwise specified] of thumb (nail)"
T23312A,94442,9,6,2,2,"Burn of third degree of left thumb (nail), initial encounter","Deep necrosis of underlying tissues [deep third degree] without mention of loss of a body part, thumb (nail)"
T23312A,94452,9,5,2,2,"Burn of third degree of left thumb (nail), initial encounter","Deep necrosis of underlying tissues [deep third degree] with loss of a body part, of thumb (nail)"
T23321A,94431,9,6,2,2,"Burn of third degree of single right finger (nail) except thumb, initial encounter","Full-thickness skin loss [third degree, not otherwise specified] of single digit [finger (nail)] other than thumb"
T23321A,94441,9,6,2,2,"Burn of third degree of single right finger (nail) except thumb, initial encounter","Deep necrosis of underlying tissues [deep third degree] without mention of loss of a body part, single digit [finger (nail)] other than thumb"
T23321A,94451,9,5,2,2,"Burn of third degree of single right finger (nail) except thumb, initial encounter","Deep necrosis of underlying tissues [deep third degree] with loss of a body part, of single digit [finger (nail)] other than thumb"
T23322A,94431,9,6,2,2,"Burn of third degree of single left finger (nail) except thumb, initial encounter","Full-thickness skin loss [third degree, not otherwise specified] of single digit [finger (nail)] other than thumb"
T23322A,94441,9,6,2,2,"Burn of third degree of single left finger (nail) except thumb, initial encounter","Deep necrosis of underlying tissues [deep third degree] without mention of loss of a body part, single digit [finger (nail)] other than thumb"
T23322A,94451,9,5,2,2,"Burn of third degree of single left finger (nail) except thumb, initial encounter","Deep necrosis of underlying tissues [deep third degree] with loss of a body part, of single digit [finger (nail)] other than thumb"
T23331A,94433,9,6,2,2,"Burn of third degree of multiple right fingers (nail), not including thumb, initial encounter","Full-thickness skin loss [third degree, not otherwise specified]of two or more digits of hand, not including thumb"
T23331A,94443,9,6,2,2,"Burn of third degree of multiple right fingers (nail), not including thumb, initial encounter","Deep necrosis of underlying tissues [deep third degree] without mention of loss of a body part, two or more digits of hand, not including thumb"
T23331A,94453,9,5,2,2,"Burn of third degree of multiple right fingers (nail), not including thumb, initial encounter","Deep necrosis of underlying tissues [deep third degree] with loss of a body part, of two or more digits of hand, not including thumb"
T23332A,94433,9,6,2,2,"Burn of third degree of multiple left fingers (nail), not including thumb, initial encounter","Full-thickness skin loss [third degree, not otherwise specified]of two or more digits of hand, not including thumb"
T23332A,94443,9,6,2,2,"Burn of third degree of multiple left fingers (nail), not including thumb, initial encounter","Deep necrosis of underlying tissues [deep third degree] without mention of loss of a body part, two or more digits of hand, not including thumb"
T23332A,94453,9,5,2,2,"Burn of third degree of multiple left fingers (nail), not including thumb, initial encounter","Deep necrosis of underlying tissues [deep third degree] with loss of a body part, of two or more digits of hand, not including thumb"
T23341A,94434,9,6,2,2,"Burn of third degree of multiple right fingers (nail), including thumb, initial encounter","Full-thickness skin loss [third degree, not otherwise specified] of two or more digits of hand including thumb"
T23341A,94444,9,6,2,2,"Burn of third degree of multiple right fingers (nail), including thumb, initial encounter","Deep necrosis of underlying tissues [deep third degree] without mention of loss of a body part, two or more digits of hand including thumb"
T23341A,94454,9,5,2,2,"Burn of third degree of multiple right fingers (nail), including thumb, initial encounter","Deep necrosis of underlying tissues [deep third degree] with loss of a body part, of two or more digits of hand including thumb"
T23342A,94434,9,6,2,2,"Burn of third degree of multiple left fingers (nail), including thumb, initial encounter","Full-thickness skin loss [third degree, not otherwise specified] of two or more digits of hand including thumb"
T23342A,94444,9,6,2,2,"Burn of third degree of multiple left fingers (nail), including thumb, initial encounter","Deep necrosis of underlying tissues [deep third degree] without mention of loss of a body part, two or more digits of hand including thumb"
T23342A,94454,9,5,2,2,"Burn of third degree of multiple left fingers (nail), including thumb, initial encounter","Deep necrosis of underlying tissues [deep third degree] with loss of a body part, of two or more digits of hand including thumb"
T23351A,94435,9,6,2,2,"Burn of third degree of right palm, initial encounter","Full-thickness skin loss [third degree, not otherwise specified] of palm of hand"
T23351A,94445,9,6,2,2,"Burn of third degree of right palm, initial encounter","Deep necrosis of underlying tissues [deep third degree] without mention of loss of a body part, of palm of hand"
T23351A,94455,9,5,2,2,"Burn of third degree of right palm, initial encounter","Deep necrosis of underlying tissues [deep third degree] with loss of a body part, of palm of hand"
T23352A,94435,9,6,2,2,"Burn of third degree of left palm, initial encounter","Full-thickness skin loss [third degree, not otherwise specified] of palm of hand"
T23352A,94445,9,6,2,2,"Burn of third degree of left palm, initial encounter","Deep necrosis of underlying tissues [deep third degree] without mention of loss of a body part, of palm of hand"
T23352A,94455,9,5,2,2,"Burn of third degree of left palm, initial encounter","Deep necrosis of underlying tissues [deep third degree] with loss of a body part, of palm of hand"
T23361A,94436,9,6,2,2,"Burn of third degree of back of right hand, initial encounter","Full-thickness skin loss [third degree, not otherwise specified] of back of hand"
T23361A,94446,9,6,2,2,"Burn of third degree of back of right hand, initial encounter","Deep necrosis of underlying tissues [deep third degree] without mention of loss of a body part, of back of hand"
T23361A,94456,9,5,2,2,"Burn of third degree of back of right hand, initial encounter","Deep necrosis of underlying tissues [deep third degree] with loss of a body part, of back of hand"
T23362A,94436,9,6,2,2,"Burn of third degree of back of left hand, initial encounter","Full-thickness skin loss [third degree, not otherwise specified] of back of hand"
T23362A,94446,9,6,2,2,"Burn of third degree of back of left hand, initial encounter","Deep necrosis of underlying tissues [deep third degree] without mention of loss of a body part, of back of hand"
T23362A,94456,9,5,2,2,"Burn of third degree of back of left hand, initial encounter","Deep necrosis of underlying tissues [deep third degree] with loss of a body part, of back of hand"
T23371A,94437,9,6,2,2,"Burn of third degree of right wrist, initial encounter","Full-thickness skin loss [third degree, not otherwise specified] of wrist"
T23371A,94447,9,6,2,2,"Burn of third degree of right wrist, initial encounter","Deep necrosis of underlying tissues [deep third degree] without mention of loss of a body part, of wrist"
T23371A,94457,9,5,2,2,"Burn of third degree of right wrist, initial encounter","Deep necrosis of underlying tissues [deep third degree] with loss of a body part, of wrist"
T23372A,94437,9,6,2,2,"Burn of third degree of left wrist, initial encounter","Full-thickness skin loss [third degree, not otherwise specified] of wrist"
T23372A,94447,9,6,2,2,"Burn of third degree of left wrist, initial encounter","Deep necrosis of underlying tissues [deep third degree] without mention of loss of a body part, of wrist"
T23372A,94457,9,5,2,2,"Burn of third degree of left wrist, initial encounter","Deep necrosis of underlying tissues [deep third degree] with loss of a body part, of wrist"
T23391A,94438,9,6,2,2,"Burn of third degree of multiple sites of right wrist and hand, initial encounter","Full-thickness skin loss [third degree, not otherwise specified] of multiple sites of wrist(s) and hand(s)"
T23391A,94448,9,6,2,2,"Burn of third degree of multiple sites of right wrist and hand, initial encounter","Deep necrosis of underlying tissues [deep third degree] without mention of loss of a body part, of multiple sites of wrist(s) and hand(s)"
T23391A,94458,9,5,2,2,"Burn of third degree of multiple sites of right wrist and hand, initial encounter","Deep necrosis of underlying tissues [deep third degree] with loss of a body part, of multiple sites of wrist(s) and hand(s)"
T23392A,94438,9,6,2,2,"Burn of third degree of multiple sites of left wrist and hand, initial encounter","Full-thickness skin loss [third degree, not otherwise specified] of multiple sites of wrist(s) and hand(s)"
T23392A,94448,9,6,2,2,"Burn of third degree of multiple sites of left wrist and hand, initial encounter","Deep necrosis of underlying tissues [deep third degree] without mention of loss of a body part, of multiple sites of wrist(s) and hand(s)"
T23392A,94458,9,5,2,2,"Burn of third degree of multiple sites of left wrist and hand, initial encounter","Deep necrosis of underlying tissues [deep third degree] with loss of a body part, of multiple sites of wrist(s) and hand(s)"
T23701A,94430,9,6,2,2,"Corrosion of third degree of right hand, unspecified site, initial encounter","Full-thickness skin loss [third degree, not otherwise specified] of hand, unspecified site"
T23701A,94440,9,6,2,2,"Corrosion of third degree of right hand, unspecified site, initial encounter","Deep necrosis of underlying tissues [deep third degree] without mention of loss of a body part, hand, unspecified site"
T23701A,94450,9,5,2,2,"Corrosion of third degree of right hand, unspecified site, initial encounter","Deep necrosis of underlying tissues [deep third degree] with loss of a body part, of hand, unspecified site"
T23702A,94430,9,6,2,2,"Corrosion of third degree of left hand, unspecified site, initial encounter","Full-thickness skin loss [third degree, not otherwise specified] of hand, unspecified site"
T23702A,94440,9,6,2,2,"Corrosion of third degree of left hand, unspecified site, initial encounter","Deep necrosis of underlying tissues [deep third degree] without mention of loss of a body part, hand, unspecified site"
T23702A,94450,9,5,2,2,"Corrosion of third degree of left hand, unspecified site, initial encounter","Deep necrosis of underlying tissues [deep third degree] with loss of a body part, of hand, unspecified site"
T23711A,94432,9,6,2,2,"Corrosion of third degree of right thumb (nail), initial encounter","Full-thickness skin loss [third degree, not otherwise specified] of thumb (nail)"
T23711A,94442,9,6,2,2,"Corrosion of third degree of right thumb (nail), initial encounter","Deep necrosis of underlying tissues [deep third degree] without mention of loss of a body part, thumb (nail)"
T23711A,94452,9,5,2,2,"Corrosion of third degree of right thumb (nail), initial encounter","Deep necrosis of underlying tissues [deep third degree] with loss of a body part, of thumb (nail)"
T23712A,94432,9,6,2,2,"Corrosion of third degree of left thumb (nail), initial encounter","Full-thickness skin loss [third degree, not otherwise specified] of thumb (nail)"
T23712A,94442,9,6,2,2,"Corrosion of third degree of left thumb (nail), initial encounter","Deep necrosis of underlying tissues [deep third degree] without mention of loss of a body part, thumb (nail)"
T23712A,94452,9,5,2,2,"Corrosion of third degree of left thumb (nail), initial encounter","Deep necrosis of underlying tissues [deep third degree] with loss of a body part, of thumb (nail)"
T23721A,94431,9,6,2,2,"Corrosion of third degree of single right finger (nail) except thumb, initial encounter","Full-thickness skin loss [third degree, not otherwise specified] of single digit [finger (nail)] other than thumb"
T23721A,94441,9,6,2,2,"Corrosion of third degree of single right finger (nail) except thumb, initial encounter","Deep necrosis of underlying tissues [deep third degree] without mention of loss of a body part, single digit [finger (nail)] other than thumb"
T23721A,94451,9,5,2,2,"Corrosion of third degree of single right finger (nail) except thumb, initial encounter","Deep necrosis of underlying tissues [deep third degree] with loss of a body part, of single digit [finger (nail)] other than thumb"
T23722A,94431,9,6,2,2,"Corrosion of third degree of single left finger (nail) except thumb, initial encounter","Full-thickness skin loss [third degree, not otherwise specified] of single digit [finger (nail)] other than thumb"
T23722A,94441,9,6,2,2,"Corrosion of third degree of single left finger (nail) except thumb, initial encounter","Deep necrosis of underlying tissues [deep third degree] without mention of loss of a body part, single digit [finger (nail)] other than thumb"
T23722A,94451,9,5,2,2,"Corrosion of third degree of single left finger (nail) except thumb, initial encounter","Deep necrosis of underlying tissues [deep third degree] with loss of a body part, of single digit [finger (nail)] other than thumb"
T23731A,94433,9,6,2,2,"Corrosion of third degree of multiple right fingers (nail), not including thumb, initial encounter","Full-thickness skin loss [third degree, not otherwise specified]of two or more digits of hand, not including thumb"
T23731A,94443,9,6,2,2,"Corrosion of third degree of multiple right fingers (nail), not including thumb, initial encounter","Deep necrosis of underlying tissues [deep third degree] without mention of loss of a body part, two or more digits of hand, not including thumb"
T23731A,94453,9,5,2,2,"Corrosion of third degree of multiple right fingers (nail), not including thumb, initial encounter","Deep necrosis of underlying tissues [deep third degree] with loss of a body part, of two or more digits of hand, not including thumb"
T23732A,94433,9,6,2,2,"Corrosion of third degree of multiple left fingers (nail), not including thumb, initial encounter","Full-thickness skin loss [third degree, not otherwise specified]of two or more digits of hand, not including thumb"
T23732A,94443,9,6,2,2,"Corrosion of third degree of multiple left fingers (nail), not including thumb, initial encounter","Deep necrosis of underlying tissues [deep third degree] without mention of loss of a body part, two or more digits of hand, not including thumb"
T23732A,94453,9,5,2,2,"Corrosion of third degree of multiple left fingers (nail), not including thumb, initial encounter","Deep necrosis of underlying tissues [deep third degree] with loss of a body part, of two or more digits of hand, not including thumb"
T23741A,94434,9,6,2,2,"Corrosion of third degree of multiple right fingers (nail), including thumb, initial encounter","Full-thickness skin loss [third degree, not otherwise specified] of two or more digits of hand including thumb"
T23741A,94444,9,6,2,2,"Corrosion of third degree of multiple right fingers (nail), including thumb, initial encounter","Deep necrosis of underlying tissues [deep third degree] without mention of loss of a body part, two or more digits of hand including thumb"
T23741A,94454,9,5,2,2,"Corrosion of third degree of multiple right fingers (nail), including thumb, initial encounter","Deep necrosis of underlying tissues [deep third degree] with loss of a body part, of two or more digits of hand including thumb"
T23742A,94434,9,6,2,2,"Corrosion of third degree of multiple left fingers (nail), including thumb, initial encounter","Full-thickness skin loss [third degree, not otherwise specified] of two or more digits of hand including thumb"
T23742A,94444,9,6,2,2,"Corrosion of third degree of multiple left fingers (nail), including thumb, initial encounter","Deep necrosis of underlying tissues [deep third degree] without mention of loss of a body part, two or more digits of hand including thumb"
T23742A,94454,9,5,2,2,"Corrosion of third degree of multiple left fingers (nail), including thumb, initial encounter","Deep necrosis of underlying tissues [deep third degree] with loss of a body part, of two or more digits of hand including thumb"
T23751A,94435,9,6,2,2,"Corrosion of third degree of right palm, initial encounter","Full-thickness skin loss [third degree, not otherwise specified] of palm of hand"
T23751A,94445,9,6,2,2,"Corrosion of third degree of right palm, initial encounter","Deep necrosis of underlying tissues [deep third degree] without mention of loss of a body part, of palm of hand"
T23751A,94455,9,5,2,2,"Corrosion of third degree of right palm, initial encounter","Deep necrosis of underlying tissues [deep third degree] with loss of a body part, of palm of hand"
T23752A,94435,9,6,2,2,"Corrosion of third degree of left palm, initial encounter","Full-thickness skin loss [third degree, not otherwise specified] of palm of hand"
T23752A,94445,9,6,2,2,"Corrosion of third degree of left palm, initial encounter","Deep necrosis of underlying tissues [deep third degree] without mention of loss of a body part, of palm of hand"
T23752A,94455,9,5,2,2,"Corrosion of third degree of left palm, initial encounter","Deep necrosis of underlying tissues [deep third degree] with loss of a body part, of palm of hand"
T23761A,94436,9,6,2,2,"Corrosion of third degree of back of right hand, initial encounter","Full-thickness skin loss [third degree, not otherwise specified] of back of hand"
T23761A,94446,9,6,2,2,"Corrosion of third degree of back of right hand, initial encounter","Deep necrosis of underlying tissues [deep third degree] without mention of loss of a body part, of back of hand"
T23761A,94456,9,5,2,2,"Corrosion of third degree of back of right hand, initial encounter","Deep necrosis of underlying tissues [deep third degree] with loss of a body part, of back of hand"
T23762A,94436,9,6,2,2,"Corrosion of third degree of back of left hand, initial encounter","Full-thickness skin loss [third degree, not otherwise specified] of back of hand"
T23762A,94446,9,6,2,2,"Corrosion of third degree of back of left hand, initial encounter","Deep necrosis of underlying tissues [deep third degree] without mention of loss of a body part, of back of hand"
T23762A,94456,9,5,2,2,"Corrosion of third degree of back of left hand, initial encounter","Deep necrosis of underlying tissues [deep third degree] with loss of a body part, of back of hand"
T23771A,94437,9,6,2,2,"Corrosion of third degree of right wrist, initial encounter","Full-thickness skin loss [third degree, not otherwise specified] of wrist"
T23771A,94447,9,6,2,2,"Corrosion of third degree of right wrist, initial encounter","Deep necrosis of underlying tissues [deep third degree] without mention of loss of a body part, of wrist"
T23771A,94457,9,5,2,2,"Corrosion of third degree of right wrist, initial encounter","Deep necrosis of underlying tissues [deep third degree] with loss of a body part, of wrist"
T23772A,94437,9,6,2,2,"Corrosion of third degree of left wrist, initial encounter","Full-thickness skin loss [third degree, not otherwise specified] of wrist"
T23772A,94447,9,6,2,2,"Corrosion of third degree of left wrist, initial encounter","Deep necrosis of underlying tissues [deep third degree] without mention of loss of a body part, of wrist"
T23772A,94457,9,5,2,2,"Corrosion of third degree of left wrist, initial encounter","Deep necrosis of underlying tissues [deep third degree] with loss of a body part, of wrist"
T23791A,94438,9,6,2,2,"Corrosion of third degree of multiple sites of right wrist and hand, initial encounter","Full-thickness skin loss [third degree, not otherwise specified] of multiple sites of wrist(s) and hand(s)"
T23791A,94448,9,6,2,2,"Corrosion of third degree of multiple sites of right wrist and hand, initial encounter","Deep necrosis of underlying tissues [deep third degree] without mention of loss of a body part, of multiple sites of wrist(s) and hand(s)"
T23791A,94458,9,5,2,2,"Corrosion of third degree of multiple sites of right wrist and hand, initial encounter","Deep necrosis of underlying tissues [deep third degree] with loss of a body part, of multiple sites of wrist(s) and hand(s)"
T23792A,94438,9,6,2,2,"Corrosion of third degree of multiple sites of left wrist and hand, initial encounter","Full-thickness skin loss [third degree, not otherwise specified] of multiple sites of wrist(s) and hand(s)"
T23792A,94448,9,6,2,2,"Corrosion of third degree of multiple sites of left wrist and hand, initial encounter","Deep necrosis of underlying tissues [deep third degree] without mention of loss of a body part, of multiple sites of wrist(s) and hand(s)"
T23792A,94458,9,5,2,2,"Corrosion of third degree of multiple sites of left wrist and hand, initial encounter","Deep necrosis of underlying tissues [deep third degree] with loss of a body part, of multiple sites of wrist(s) and hand(s)"
T24301A,94530,9,6,2,2,"Burn of third degree of unspecified site of right lower limb, except ankle and foot, initial encounter",Full-thickness skin loss [third degree NOS] of lower limb [leg] unspecified site
T24301A,94540,9,6,2,2,"Burn of third degree of unspecified site of right lower limb, except ankle and foot, initial encounter","Deep necrosis of underlying tissues [deep third degree] without mention of loss of a body part, lower limb [leg], unspecified site"
T24301A,94550,9,5,2,2,"Burn of third degree of unspecified site of right lower limb, except ankle and foot, initial encounter","Deep necrosis of underlying tissues [deep third degree] with loss of a body part, of lower limb [leg], unspecified site"
T24302A,94530,9,6,2,2,"Burn of third degree of unspecified site of left lower limb, except ankle and foot, initial encounter",Full-thickness skin loss [third degree NOS] of lower limb [leg] unspecified site
T24302A,94540,9,6,2,2,"Burn of third degree of unspecified site of left lower limb, except ankle and foot, initial encounter","Deep necrosis of underlying tissues [deep third degree] without mention of loss of a body part, lower limb [leg], unspecified site"
T24302A,94550,9,5,2,2,"Burn of third degree of unspecified site of left lower limb, except ankle and foot, initial encounter","Deep necrosis of underlying tissues [deep third degree] with loss of a body part, of lower limb [leg], unspecified site"
T24331A,94534,9,6,2,2,"Burn of third degree of right lower leg, initial encounter",Full-thickness skin loss [third degree nos] of lower leg
T24331A,94544,9,6,2,2,"Burn of third degree of right lower leg, initial encounter","Deep necrosis of underlying tissues [deep third degree] without mention of loss of a body part, of lower leg"
T24331A,94554,9,5,2,2,"Burn of third degree of right lower leg, initial encounter","Deep necrosis of underlying tissues [deep third degree] with loss of a body part, of lower leg"
T24332A,94534,9,6,2,2,"Burn of third degree of left lower leg, initial encounter",Full-thickness skin loss [third degree nos] of lower leg
T24332A,94544,9,6,2,2,"Burn of third degree of left lower leg, initial encounter","Deep necrosis of underlying tissues [deep third degree] without mention of loss of a body part, of lower leg"
T24332A,94554,9,5,2,2,"Burn of third degree of left lower leg, initial encounter","Deep necrosis of underlying tissues [deep third degree] with loss of a body part, of lower leg"
T24391A,94539,9,6,2,2,"Burn of third degree of multiple sites of right lower limb, except ankle and foot, initial encounter",Full-thickness skin loss [third degree NOS] of multiple sites of lower limb(s)
T24391A,94549,9,6,2,2,"Burn of third degree of multiple sites of right lower limb, except ankle and foot, initial encounter","Deep necrosis of underlying tissues [deep third degree] without mention of loss of a body part, of multiple sites of lower limb(s)"
T24391A,94559,9,5,2,2,"Burn of third degree of multiple sites of right lower limb, except ankle and foot, initial encounter","Deep necrosis of underlying tissues [deep third degree] with loss of a body part, of multiple sites of lower limb(s)"
T24392A,94539,9,6,2,2,"Burn of third degree of multiple sites of left lower limb, except ankle and foot, initial encounter",Full-thickness skin loss [third degree NOS] of multiple sites of lower limb(s)
T24392A,94549,9,6,2,2,"Burn of third degree of multiple sites of left lower limb, except ankle and foot, initial encounter","Deep necrosis of underlying tissues [deep third degree] without mention of loss of a body part, of multiple sites of lower limb(s)"
T24392A,94559,9,5,2,2,"Burn of third degree of multiple sites of left lower limb, except ankle and foot, initial encounter","Deep necrosis of underlying tissues [deep third degree] with loss of a body part, of multiple sites of lower limb(s)"
T24701A,94530,9,6,2,2,"Corrosion of third degree of unspecified site of right lower limb, except ankle and foot, initial encounter",Full-thickness skin loss [third degree NOS] of lower limb [leg] unspecified site
T24701A,94540,9,6,2,2,"Corrosion of third degree of unspecified site of right lower limb, except ankle and foot, initial encounter","Deep necrosis of underlying tissues [deep third degree] without mention of loss of a body part, lower limb [leg], unspecified site"
T24701A,94550,9,5,2,2,"Corrosion of third degree of unspecified site of right lower limb, except ankle and foot, initial encounter","Deep necrosis of underlying tissues [deep third degree] with loss of a body part, of lower limb [leg], unspecified site"
T24702A,94530,9,6,2,2,"Corrosion of third degree of unspecified site of left lower limb, except ankle and foot, initial encounter",Full-thickness skin loss [third degree NOS] of lower limb [leg] unspecified site
T24702A,94540,9,6,2,2,"Corrosion of third degree of unspecified site of left lower limb, except ankle and foot, initial encounter","Deep necrosis of underlying tissues [deep third degree] without mention of loss of a body part, lower limb [leg], unspecified site"
T24702A,94550,9,5,2,2,"Corrosion of third degree of unspecified site of left lower limb, except ankle and foot, initial encounter","Deep necrosis of underlying tissues [deep third degree] with loss of a body part, of lower limb [leg], unspecified site"
T24731A,94534,9,6,2,2,"Corrosion of third degree of right lower leg, initial encounter",Full-thickness skin loss [third degree nos] of lower leg
T24731A,94544,9,6,2,2,"Corrosion of third degree of right lower leg, initial encounter","Deep necrosis of underlying tissues [deep third degree] without mention of loss of a body part, of lower leg"
T24731A,94554,9,5,2,2,"Corrosion of third degree of right lower leg, initial encounter","Deep necrosis of underlying tissues [deep third degree] with loss of a body part, of lower leg"
T24732A,94534,9,6,2,2,"Corrosion of third degree of left lower leg, initial encounter",Full-thickness skin loss [third degree nos] of lower leg
T24732A,94544,9,6,2,2,"Corrosion of third degree of left lower leg, initial encounter","Deep necrosis of underlying tissues [deep third degree] without mention of loss of a body part, of lower leg"
T24732A,94554,9,5,2,2,"Corrosion of third degree of left lower leg, initial encounter","Deep necrosis of underlying tissues [deep third degree] with loss of a body part, of lower leg"
T24791A,94539,9,6,2,2,"Corrosion of third degree of multiple sites of right lower limb, except ankle and foot, initial encounter",Full-thickness skin loss [third degree NOS] of multiple sites of lower limb(s)
T24791A,94549,9,6,2,2,"Corrosion of third degree of multiple sites of right lower limb, except ankle and foot, initial encounter","Deep necrosis of underlying tissues [deep third degree] without mention of loss of a body part, of multiple sites of lower limb(s)"
T24791A,94559,9,5,2,2,"Corrosion of third degree of multiple sites of right lower limb, except ankle and foot, initial encounter","Deep necrosis of underlying tissues [deep third degree] with loss of a body part, of multiple sites of lower limb(s)"
T24792A,94539,9,6,2,2,"Corrosion of third degree of multiple sites of left lower limb, except ankle and foot, initial encounter",Full-thickness skin loss [third degree NOS] of multiple sites of lower limb(s)
T24792A,94549,9,6,2,2,"Corrosion of third degree of multiple sites of left lower limb, except ankle and foot, initial encounter","Deep necrosis of underlying tissues [deep third degree] without mention of loss of a body part, of multiple sites of lower limb(s)"
T24792A,94559,9,5,2,2,"Corrosion of third degree of multiple sites of left lower limb, except ankle and foot, initial encounter","Deep necrosis of underlying tissues [deep third degree] with loss of a body part, of multiple sites of lower limb(s)"
T25321A,94532,9,6,2,2,"Burn of third degree of right foot, initial encounter",Full-thickness skin loss [third degree NOS] of foot
T25321A,94542,9,6,2,2,"Burn of third degree of right foot, initial encounter","Deep necrosis of underlying tissues [deep third degree] without mention of loss of a body part, of foot"
T25321A,94552,9,5,2,2,"Burn of third degree of right foot, initial encounter","Deep necrosis of underlying tissues [deep third degree] with loss of a body part, of foot"
T25322A,94532,9,6,2,2,"Burn of third degree of left foot, initial encounter",Full-thickness skin loss [third degree NOS] of foot
T25322A,94542,9,6,2,2,"Burn of third degree of left foot, initial encounter","Deep necrosis of underlying tissues [deep third degree] without mention of loss of a body part, of foot"
T25322A,94552,9,5,2,2,"Burn of third degree of left foot, initial encounter","Deep necrosis of underlying tissues [deep third degree] with loss of a body part, of foot"
T25331A,94531,9,6,2,2,"Burn of third degree of right toe(s) (nail), initial encounter",Full-thickness skin loss [third degree NOS] of toe(s) (nail)
T25331A,94541,9,6,2,2,"Burn of third degree of right toe(s) (nail), initial encounter","Deep necrosis of underlying tissues [deep third degree] without mention of loss of a body part, of toe(s)(nail)"
T25331A,94551,9,5,2,2,"Burn of third degree of right toe(s) (nail), initial encounter","Deep necrosis of underlying tissues [deep third degree] with loss of a body part, of toe(s) (nail)"
T25332A,94531,9,6,2,2,"Burn of third degree of left toe(s) (nail), initial encounter",Full-thickness skin loss [third degree NOS] of toe(s) (nail)
T25332A,94541,9,6,2,2,"Burn of third degree of left toe(s) (nail), initial encounter","Deep necrosis of underlying tissues [deep third degree] without mention of loss of a body part, of toe(s)(nail)"
T25332A,94551,9,5,2,2,"Burn of third degree of left toe(s) (nail), initial encounter","Deep necrosis of underlying tissues [deep third degree] with loss of a body part, of toe(s) (nail)"
T25391A,94539,9,6,2,2,"Burn of third degree of multiple sites of right ankle and foot, initial encounter",Full-thickness skin loss [third degree NOS] of multiple sites of lower limb(s)
T25391A,94549,9,6,2,2,"Burn of third degree of multiple sites of right ankle and foot, initial encounter","Deep necrosis of underlying tissues [deep third degree] without mention of loss of a body part, of multiple sites of lower limb(s)"
T25391A,94559,9,5,2,2,"Burn of third degree of multiple sites of right ankle and foot, initial encounter","Deep necrosis of underlying tissues [deep third degree] with loss of a body part, of multiple sites of lower limb(s)"
T25392A,94539,9,6,2,2,"Burn of third degree of multiple sites of left ankle and foot, initial encounter",Full-thickness skin loss [third degree NOS] of multiple sites of lower limb(s)
T25392A,94549,9,6,2,2,"Burn of third degree of multiple sites of left ankle and foot, initial encounter","Deep necrosis of underlying tissues [deep third degree] without mention of loss of a body part, of multiple sites of lower limb(s)"
T25392A,94559,9,5,2,2,"Burn of third degree of multiple sites of left ankle and foot, initial encounter","Deep necrosis of underlying tissues [deep third degree] with loss of a body part, of multiple sites of lower limb(s)"
T25721A,94532,9,6,2,2,"Corrosion of third degree of right foot, initial encounter",Full-thickness skin loss [third degree NOS] of foot
T25721A,94542,9,6,2,2,"Corrosion of third degree of right foot, initial encounter","Deep necrosis of underlying tissues [deep third degree] without mention of loss of a body part, of foot"
T25721A,94552,9,5,2,2,"Corrosion of third degree of right foot, initial encounter","Deep necrosis of underlying tissues [deep third degree] with loss of a body part, of foot"
T25722A,94532,9,6,2,2,"Corrosion of third degree of left foot, initial encounter",Full-thickness skin loss [third degree NOS] of foot
T25722A,94542,9,6,2,2,"Corrosion of third degree of left foot, initial encounter","Deep necrosis of underlying tissues [deep third degree] without mention of loss of a body part, of foot"
T25722A,94552,9,5,2,2,"Corrosion of third degree of left foot, initial encounter","Deep necrosis of underlying tissues [deep third degree] with loss of a body part, of foot"
T25731A,94531,9,6,2,2,"Corrosion of third degree of right toe(s) (nail), initial encounter",Full-thickness skin loss [third degree NOS] of toe(s) (nail)
T25731A,94541,9,6,2,2,"Corrosion of third degree of right toe(s) (nail), initial encounter","Deep necrosis of underlying tissues [deep third degree] without mention of loss of a body part, of toe(s)(nail)"
T25731A,94551,9,5,2,2,"Corrosion of third degree of right toe(s) (nail), initial encounter","Deep necrosis of underlying tissues [deep third degree] with loss of a body part, of toe(s) (nail)"
T25732A,94531,9,6,2,2,"Corrosion of third degree of left toe(s) (nail), initial encounter",Full-thickness skin loss [third degree NOS] of toe(s) (nail)
T25732A,94541,9,6,2,2,"Corrosion of third degree of left toe(s) (nail), initial encounter","Deep necrosis of underlying tissues [deep third degree] without mention of loss of a body part, of toe(s)(nail)"
T25732A,94551,9,5,2,2,"Corrosion of third degree of left toe(s) (nail), initial encounter","Deep necrosis of underlying tissues [deep third degree] with loss of a body part, of toe(s) (nail)"
T25791A,94539,9,6,2,2,"Corrosion of third degree of multiple sites of right ankle and foot, initial encounter",Full-thickness skin loss [third degree NOS] of multiple sites of lower limb(s)
T25791A,94549,9,6,2,2,"Corrosion of third degree of multiple sites of right ankle and foot, initial encounter","Deep necrosis of underlying tissues [deep third degree] without mention of loss of a body part, of multiple sites of lower limb(s)"
T25791A,94559,9,5,2,2,"Corrosion of third degree of multiple sites of right ankle and foot, initial encounter","Deep necrosis of underlying tissues [deep third degree] with loss of a body part, of multiple sites of lower limb(s)"
T25792A,94539,9,6,2,2,"Corrosion of third degree of multiple sites of left ankle and foot, initial encounter",Full-thickness skin loss [third degree NOS] of multiple sites of lower limb(s)
T25792A,94549,9,6,2,2,"Corrosion of third degree of multiple sites of left ankle and foot, initial encounter","Deep necrosis of underlying tissues [deep third degree] without mention of loss of a body part, of multiple sites of lower limb(s)"
T25792A,94559,9,5,2,2,"Corrosion of third degree of multiple sites of left ankle and foot, initial encounter","Deep necrosis of underlying tissues [deep third degree] with loss of a body part, of multiple sites of lower limb(s)"
